{"type": "FeatureCollection", "features": [{"type": "Feature", "properties": {"featurecla": "Land", "scalerank": 0, "min_zoom": 0.0}, "geometry": {"type": "MultiPolygon", "coordinates": [[[[89.99634850400008, 22.00023021000004], [90.0, 22.008998944856263], [90.0, 21.998838719181744], [89.99634850400008, 22.00023021000004]]], [[[89.98853600400008, 22.05304596600007], [89.98275800900007, 22.044623114000046], [89.98519941500007, 21.99941640800006], [89.98275800900007, 21.98655833500004], [89.96778405000003, 21.974554755000042], [89.94971764400003, 21.980902411000045], [89.93441816500007, 21.997707424000055], [89.92823326900003, 22.017279364000046], [89.92628014400003, 22.027167059000078], [89.91749108200008, 22.04987213700008], [89.91456139400003, 22.061672268000052], [89.91236412900008, 22.135565497000073], [89.90308678500003, 22.176906643000052], [89.90088951900003, 22.201971747000073], [89.89828535200007, 22.21165599200009], [89.88550866000003, 22.230617580000057], [89.88038170700008, 22.24042389500005], [89.87663821700005, 22.25348541900007], [89.87533613400007, 22.26398346600007], [89.87680097700007, 22.274725653000075], [89.88038170700008, 22.288234768000052], [89.90015709700003, 22.333929755000042], [89.98275800900007, 22.445257880000042], [89.98829186300003, 22.45774974200009], [89.99195397200003, 22.469875393000052], [89.99789472700007, 22.480861721000053], [90.0, 22.48247576354136], [90.0, 22.063641477519223], [89.98853600400008, 22.05304596600007]]], [[[89.98275800900007, 22.473211981000077], [89.97950280000003, 22.470078843000067], [89.94743899800005, 22.43968333500004], [89.93360436300003, 22.423529364000046], [89.92823326900003, 22.40770091400009], [89.92042076900003, 22.391831773000035], [89.90308678500003, 22.396429755000042], [89.87289472700007, 22.41860586100006], [89.87484785200007, 22.397650458000044], [89.88054446700005, 22.380601304000038], [89.88412519600007, 22.36351146000004], [89.88038170700008, 22.342230536000045], [89.83871504000007, 22.26776764500005], [89.85084069100003, 22.246527411000045], [89.86133873800003, 22.211004950000074], [89.87289472700007, 22.14362213700008], [89.87427819100003, 22.10883209800005], [89.87134850400008, 22.091864325000074], [89.86296634200005, 22.079046942000048], [89.84620201900003, 22.07062409100007], [89.83155358200008, 22.071966864000046], [89.81617272200003, 22.075995184000078], [89.79721113400007, 22.075995184000078], [89.79721113400007, 22.068508205000057], [89.81836998800003, 22.06004466400009], [89.83594811300003, 22.04946523600006], [89.84791100400008, 22.03388092700004], [89.85238691500007, 22.01044342700004], [89.85108483200008, 22.000881252000056], [89.84595787900008, 21.982896226000037], [89.84620201900003, 21.972316799000055], [89.85027103000004, 21.96312083500004], [89.86378014400003, 21.943304755000042], [89.87183678500003, 21.924261786000045], [89.88160241000003, 21.912990627000056], [89.88721764400003, 21.900091864000046], [89.88038170700008, 21.88418203300006], [89.87322024800005, 21.88157786700009], [89.85092207100007, 21.877508856000077], [89.82520592500003, 21.856268622000073], [89.81959069100003, 21.849554755000042], [89.81763756600003, 21.844916083000044], [89.81421959700003, 21.84080638200004], [89.80469811300003, 21.835760809000078], [89.78638756600003, 21.828924872000073], [89.77572675900007, 21.82758209800005], [89.77116946700005, 21.83234284100007], [89.76587975400008, 21.84674713700008], [89.75342858200008, 21.843898830000057], [89.73845462300005, 21.834418036000045], [89.72584069100003, 21.828924872000073], [89.70915774800005, 21.83006419500009], [89.69044030000003, 21.833726304000038], [89.67335045700008, 21.84007396000004], [89.66130618600005, 21.849351304000038], [89.65691165500004, 21.857123114000046], [89.65316816500007, 21.867743231000077], [89.65259850400008, 21.878851630000042], [89.66334069100003, 21.896307684000078], [89.66130618600005, 21.90582916900007], [89.64698326900003, 21.925116278000075], [89.61898847700007, 21.86985911700009], [89.63038170700008, 21.85146719000005], [89.64975019600007, 21.82636139500005], [89.67204837300005, 21.80426666900007], [89.69206790500004, 21.79482656500005], [89.70069420700008, 21.784857489000046], [89.68995201900003, 21.76520416900007], [89.66822350400008, 21.750881252000056], [89.64356530000003, 21.75690338700008], [89.63152103000004, 21.764064846000053], [89.62037194100003, 21.76434967700004], [89.59546959700003, 21.75999583500004], [89.59278405000003, 21.754380601000037], [89.60377037900008, 21.727687893000052], [89.60596764400003, 21.71906159100007], [89.58692467500003, 21.700832424000055], [89.56568444100003, 21.713364976000037], [89.53711998800003, 21.75381094000005], [89.53891035200007, 21.77147044500009], [89.52735436300003, 21.81281159100007], [89.53028405000003, 21.835760809000078], [89.53834069100003, 21.84861888200004], [89.55689537900008, 21.868801174000055], [89.56446373800003, 21.88418203300006], [89.56763756600003, 21.90070221600007], [89.56348717500003, 21.973130601000037], [89.57129967500003, 22.03123607000009], [89.57667076900003, 22.051703192000048], [89.60059655000003, 22.09125397300005], [89.60596764400003, 22.113226630000042], [89.60254967500003, 22.134507554000038], [89.59376061300003, 22.155422268000052], [89.58139082100007, 22.17405833500004], [89.56788170700008, 22.18891022300005], [89.56723066500007, 22.202826239000046], [89.59791100400008, 22.240301825000074], [89.60596764400003, 22.25690338700008], [89.60710696700005, 22.278265692000048], [89.61060631600003, 22.298895575000074], [89.61695397200003, 22.318426825000074], [89.62647545700008, 22.336004950000074], [89.61548912900008, 22.328273830000057], [89.60621178500003, 22.315619208000044], [89.59245853000004, 22.288234768000052], [89.58082116000003, 22.27724844000005], [89.57715905000003, 22.268500067000048], [89.58619225400008, 22.245428778000075], [89.58033287900008, 22.236761786000045], [89.56104576900003, 22.223089911000045], [89.54916425900007, 22.20526764500005], [89.55030358200008, 22.19212474200009], [89.57129967500003, 22.157904364000046], [89.57634524800005, 22.14549388200004], [89.57878665500004, 22.135891018000052], [89.57935631600003, 22.113226630000042], [89.57699629000007, 22.101263739000046], [89.56674238400007, 22.082098700000074], [89.56446373800003, 22.072211005000042], [89.55648847700007, 22.00844961100006], [89.55144290500004, 21.99404531500005], [89.53288821700005, 21.98468659100007], [89.52475019600007, 22.000148830000057], [89.52344811300003, 22.044623114000046], [89.52613366000003, 22.055121161000045], [89.53646894600007, 22.075832424000055], [89.53711998800003, 22.089016018000052], [89.49203535200007, 22.188381252000056], [89.48943118600005, 22.208807684000078], [89.49415123800003, 22.253566799000055], [89.49301191500007, 22.273504950000074], [89.48316491000003, 22.295070705000057], [89.47575931100005, 22.295070705000057], [89.46745853000004, 22.228989976000037], [89.47575931100005, 22.10260651200008], [89.48316491000003, 22.10260651200008], [89.48406009200005, 22.11668528900009], [89.48878014400003, 22.12958405200004], [89.49415123800003, 22.136867580000057], [89.49683678500003, 22.133978583000044], [89.49822024800005, 22.12531159100007], [89.50171959700003, 22.113104559000078], [89.50684655000003, 22.10101959800005], [89.51295006600003, 22.09243398600006], [89.51832116000003, 22.081000067000048], [89.51742597700007, 22.066473700000074], [89.50912519600007, 22.04120514500005], [89.50416100400008, 22.03668854400007], [89.49187259200005, 22.03457265800006], [89.48943118600005, 22.03123607000009], [89.49040774800005, 22.023993231000077], [89.49268639400003, 22.019191799000055], [89.49683678500003, 22.01386139500005], [89.50049889400003, 22.00259023600006], [89.51270592500003, 21.97809479400007], [89.52003014400003, 21.969183661000045], [89.52182050900007, 21.96230703300006], [89.51254316500007, 21.909125067000048], [89.50228925900007, 21.89752838700008], [89.48910566500007, 21.888373114000046], [89.47575931100005, 21.876695054000038], [89.46461022200003, 21.859198309000078], [89.46363366000003, 21.845038153000075], [89.46705162900008, 21.828599351000037], [89.46949303500003, 21.804388739000046], [89.46583092500003, 21.781317450000074], [89.45622806100005, 21.76239655200004], [89.44271894600007, 21.746649481000077], [89.40642337300005, 21.717352606000077], [89.39519290500004, 21.71637604400007], [89.36963951900003, 21.743312893000052], [89.36426842500003, 21.758205471000053], [89.36280358200008, 21.78384023600006], [89.36589603000004, 21.828924872000073], [89.37126712300005, 21.84715403900009], [89.38428795700008, 21.877834377000056], [89.38697350400008, 21.901190497000073], [89.38266035200007, 21.92133209800005], [89.36402428500003, 21.95506419500009], [89.35962975400008, 21.972316799000055], [89.35222415500004, 21.972316799000055], [89.34595787900008, 21.95701732000009], [89.34880618600005, 21.944159247000073], [89.35523522200003, 21.93162669500009], [89.35962975400008, 21.917669989000046], [89.35962975400008, 21.901678778000075], [89.35596764400003, 21.892523505000042], [89.33912194100003, 21.876695054000038], [89.32886803500003, 21.86465078300006], [89.32260175900007, 21.854641018000052], [89.30616295700008, 21.817613023000035], [89.30128014400003, 21.809393622000073], [89.29623457100007, 21.809068101000037], [89.29070071700005, 21.822088934000078], [89.28394616000003, 21.822088934000078], [89.28443444100003, 21.796820380000042], [89.29468834700003, 21.75779857000009], [89.29070071700005, 21.733343817000048], [89.27369225400008, 21.69879791900007], [89.27662194100003, 21.687567450000074], [89.29753665500004, 21.678127346000053], [89.28589928500003, 21.66559479400007], [89.26872806100005, 21.653998114000046], [89.24870853000004, 21.64590078300006], [89.22925866000003, 21.64394765800006], [89.21045983200008, 21.654120184000078], [89.20443769600007, 21.672674872000073], [89.20826256600003, 21.690619208000044], [89.21859785200007, 21.698553778000075], [89.22071373800003, 21.709418036000045], [89.18970787900008, 21.79124583500004], [89.18824303500003, 21.799709377000056], [89.18767337300005, 21.81150950700004], [89.18336022200003, 21.815619208000044], [89.17408287900008, 21.81004466400009], [89.16456139400003, 21.80019765800006], [89.16041100400008, 21.79132721600007], [89.15455162900008, 21.786851304000038], [89.14128665500004, 21.790228583000044], [89.11939537900008, 21.80097077000005], [89.10906009200005, 21.809515692000048], [89.10466556100005, 21.81586334800005], [89.07992597700007, 21.897406317000048], [89.07781009200005, 21.91425202000005], [89.08041425900007, 21.934881903000075], [89.09107506600003, 21.97679271000004], [89.09148196700005, 22.00023021000004], [89.08423912900008, 22.021185614000046], [89.06202233200008, 22.04950592700004], [89.05738366000003, 22.06509023600006], [89.06348717500003, 22.111029364000046], [89.06039472700007, 22.12986888200004], [89.06031334700003, 22.130601304000038], [89.04371178500003, 22.13739655200004], [89.04859459700003, 22.12295156500005], [89.04566491000003, 22.11204661700009], [89.03988691500007, 22.100897528000075], [89.03687584700003, 22.085598049000055], [89.04004967500003, 22.069525458000044], [89.05404707100007, 22.04364655200004], [89.05738366000003, 22.03123607000009], [89.06560306100005, 21.96710846600007], [89.06088300900007, 21.93846263200004], [89.03687584700003, 21.925116278000075], [89.02312259200005, 21.93109772300005], [89.01303144600007, 21.929429429000038], [89.00806725400008, 21.92055898600006], [89.00953209700003, 21.90460846600007], [88.99301191500007, 21.912665106000077], [88.96045983200008, 21.93431224200009], [88.94467207100007, 21.938788153000075], [88.93783613400007, 21.94871653900009], [88.93458092500003, 21.969305731000077], [88.92872155000003, 21.98655833500004], [88.91391035200007, 21.98655833500004], [88.90503991000003, 21.96942780200004], [88.91081790500004, 21.946478583000044], [88.92408287900008, 21.926336981000077], [88.93783613400007, 21.917669989000046], [88.95191491000003, 21.913885809000078], [88.96827233200008, 21.904730536000045], [88.99586022200003, 21.88418203300006], [89.01587975400008, 21.853338934000078], [89.03093509200005, 21.770453192000048], [89.04371178500003, 21.733343817000048], [89.04786217500003, 21.72801341400009], [89.06788170700008, 21.709133205000057], [89.08277428500003, 21.678208726000037], [89.08521569100003, 21.674709377000056], [89.08822675900007, 21.633734442000048], [89.08269290500004, 21.617336330000057], [89.06421959700003, 21.609198309000078], [89.05323326900003, 21.609808661000045], [89.04468834700003, 21.61351146000004], [89.03882897200003, 21.61945221600007], [89.03687584700003, 21.626898505000042], [89.03394616000003, 21.633246161000045], [89.02759850400008, 21.62457916900007], [89.02165774800005, 21.611802476000037], [89.01978600400008, 21.60610586100006], [89.00025475400008, 21.60342031500005], [88.97575931100005, 21.61591217700004], [88.93384850400008, 21.64394765800006], [88.89698326900003, 21.650132554000038], [88.89161217500003, 21.653509833000044], [88.88607832100007, 21.661810614000046], [88.88160241000003, 21.672023830000057], [88.87208092500003, 21.74900950700004], [88.86605879000007, 21.766831773000035], [88.85865319100003, 21.766831773000035], [88.85572350400008, 21.748846747000073], [88.84156334700003, 21.71625397300005], [88.83822675900007, 21.701971747000073], [88.84294681100005, 21.684149481000077], [88.85987389400003, 21.65257396000004], [88.85865319100003, 21.636542059000078], [88.84424889400003, 21.622219143000052], [88.82398522200003, 21.617254950000074], [88.80583743600005, 21.622870184000078], [88.79786217500003, 21.64020416900007], [88.81478925900007, 21.65387604400007], [88.81836998800003, 21.65761953300006], [88.81853274800005, 21.665838934000078], [88.81666100400008, 21.675034898000035], [88.81088300900007, 21.69171784100007], [88.80494225400008, 21.67186107000009], [88.80046634200005, 21.661851304000038], [88.79420006600003, 21.65761953300006], [88.78402754000007, 21.655951239000046], [88.77906334700003, 21.651190497000073], [88.77711022200003, 21.64354075700004], [88.77686608200008, 21.63344961100006], [88.78174889400003, 21.61424388200004], [88.79102623800003, 21.598863023000035], [88.79664147200003, 21.584418036000045], [88.79053795700008, 21.56826406500005], [88.76246178500003, 21.555853583000044], [88.72787519600007, 21.559881903000075], [88.70753014400003, 21.57831452000005], [88.72217858200008, 21.609198309000078], [88.68799889400003, 21.678127346000053], [88.68490644600007, 21.697211005000042], [88.70362389400003, 21.810614325000074], [88.69800866000003, 21.825506903000075], [88.69450931100005, 21.83982982000009], [88.71469160200007, 21.89785390800006], [88.71697024800005, 21.951971747000073], [88.72217858200008, 21.966131903000075], [88.73316491000003, 21.97719961100006], [88.74683678500003, 21.987127997000073], [88.75831139400003, 21.99945709800005], [88.76303144600007, 22.017279364000046], [88.75464928500003, 22.037583726000037], [88.71705162900008, 22.05805084800005], [88.70850670700008, 22.072211005000042], [88.71485436300003, 22.08698151200008], [88.73015384200005, 22.103583075000074], [88.76303144600007, 22.130560614000046], [88.74390709700003, 22.129339911000045], [88.72657311300003, 22.121161200000074], [88.71216881600003, 22.109035549000055], [88.70167076900003, 22.095851955000057], [88.69483483200008, 22.08152903900009], [88.69288170700008, 22.06586334800005], [88.69947350400008, 22.053208726000037], [88.71851647200003, 22.048041083000044], [88.73072350400008, 22.037176825000074], [88.72331790500004, 22.01308828300006], [88.70167076900003, 21.97601959800005], [88.69841556100005, 21.962591864000046], [88.68995201900003, 21.94599030200004], [88.67872155000003, 21.936672268000052], [88.66700280000003, 21.945013739000046], [88.65626061300003, 21.941066799000055], [88.64258873800003, 21.94090403900009], [88.63086998800003, 21.945461330000057], [88.62598717500003, 21.955511786000045], [88.62745201900003, 21.970404364000046], [88.63168379000007, 21.979803778000075], [88.64633222700007, 22.00023021000004], [88.65349368600005, 22.018011786000045], [88.65259850400008, 22.031805731000077], [88.64877363400007, 22.046047268000052], [88.64503014400003, 22.075140692000048], [88.63949629000007, 22.09723541900007], [88.63949629000007, 22.109523830000057], [88.65699303500003, 22.15106842700004], [88.67400149800005, 22.162054755000042], [88.68311608200008, 22.18496328300006], [88.67994225400008, 22.204413153000075], [88.66016686300003, 22.205023505000042], [88.66114342500003, 22.198960679000038], [88.65601647200003, 22.183254299000055], [88.64966881600003, 22.169094143000052], [88.64633222700007, 22.167792059000078], [88.64429772200003, 22.16229889500005], [88.63493899800005, 22.144964911000045], [88.63086998800003, 22.125799872000073], [88.62208092500003, 22.116034247000073], [88.61915123800003, 22.109523830000057], [88.61833743600005, 22.10297272300005], [88.61996504000007, 22.07831452000005], [88.62549889400003, 22.05927155200004], [88.62598717500003, 22.048041083000044], [88.62037194100003, 22.02997467700004], [88.60254967500003, 22.006415106000077], [88.59864342500003, 21.990301825000074], [88.60027103000004, 21.947211005000042], [88.59839928500003, 21.929348049000055], [88.56706790500004, 21.850816148000035], [88.56462649800005, 21.83234284100007], [88.56544030000003, 21.771185614000046], [88.56462649800005, 21.766831773000035], [88.58130944100003, 21.76943594000005], [88.60417728000004, 21.77875397300005], [88.62403405000003, 21.77802155200004], [88.63282311300003, 21.750067450000074], [88.63021894600007, 21.731756903000075], [88.62338300900007, 21.710272528000075], [88.61264082100007, 21.69749583500004], [88.59864342500003, 21.70538971600007], [88.59180748800003, 21.70538971600007], [88.59961998800003, 21.637274481000077], [88.59506269600007, 21.612127997000073], [88.57813561300003, 21.623439846000053], [88.57813561300003, 21.57168203300006], [88.57227623800003, 21.557928778000075], [88.55892988400007, 21.555568752000056], [88.54476972700007, 21.56199778900009], [88.53646894600007, 21.575100002000056], [88.53028405000003, 21.564398505000042], [88.52963300900007, 21.55337148600006], [88.53443444100003, 21.542914130000042], [88.54395592500003, 21.534084377000056], [88.51295006600003, 21.524644273000035], [88.49390709700003, 21.534816799000055], [88.48796634200005, 21.55654531500005], [88.49561608200008, 21.581854559000078], [88.50212649800005, 21.58934153900009], [88.50879967500003, 21.59438711100006], [88.51400800900007, 21.600816148000035], [88.51612389400003, 21.612616278000075], [88.51661217500003, 21.62641022300005], [88.51880944100003, 21.639146226000037], [88.52295983200008, 21.64988841400009], [88.52963300900007, 21.65761953300006], [88.50953209700003, 21.71230703300006], [88.50489342500003, 21.741522528000075], [88.51270592500003, 21.763413804000038], [88.53288821700005, 21.795314846000053], [88.53101647200003, 21.82412344000005], [88.51587975400008, 21.850816148000035], [88.49561608200008, 21.876695054000038], [88.51465905000003, 21.91620514500005], [88.51498457100007, 21.937201239000046], [88.49561608200008, 21.95180898600006], [88.49984785200007, 21.933661200000074], [88.49236087300005, 21.922023830000057], [88.48121178500003, 21.909898179000038], [88.47445722700007, 21.890326239000046], [88.47706139400003, 21.87181224200009], [88.49203535200007, 21.837144273000035], [88.49561608200008, 21.81867096600007], [88.49350019600007, 21.805161851000037], [88.48829186300003, 21.803656317000048], [88.48145592500003, 21.805161851000037], [88.47445722700007, 21.80097077000005], [88.46827233200008, 21.77724844000005], [88.45769290500004, 21.75885651200008], [88.45337975400008, 21.74176666900007], [88.45215905000003, 21.722805080000057], [88.45476321700005, 21.70538971600007], [88.46859785200007, 21.67715078300006], [88.47217858200008, 21.663275458000044], [88.46827233200008, 21.64394765800006], [88.45630944100003, 21.62400950700004], [88.44190514400003, 21.616156317000048], [88.42611738400007, 21.611029364000046], [88.40967858200008, 21.599269924000055], [88.39307701900003, 21.60024648600006], [88.38355553500003, 21.631415106000077], [88.38282311300003, 21.67133209800005], [88.39258873800003, 21.698553778000075], [88.38062584700003, 21.696193752000056], [88.36451256600003, 21.68695709800005], [88.35572350400008, 21.68496328300006], [88.34620201900003, 21.688625393000052], [88.34066816500007, 21.69749583500004], [88.33643639400003, 21.708726304000038], [88.33122806100005, 21.71906159100007], [88.32634524800005, 21.711086330000057], [88.32471764400003, 21.70136139500005], [88.32740319100003, 21.691107489000046], [88.34571373800003, 21.67059967700004], [88.34945722700007, 21.660956122000073], [88.34880618600005, 21.65029531500005], [88.34546959700003, 21.636542059000078], [88.33545983200008, 21.615790106000077], [88.32178795700008, 21.60565827000005], [88.30974368600005, 21.610174872000073], [88.30445397200003, 21.63344961100006], [88.30201256600003, 21.74518463700008], [88.29818769600007, 21.764105536000045], [88.28980553500003, 21.780218817000048], [88.27312259200005, 21.79791901200008], [88.26156660200007, 21.798651434000078], [88.26417076900003, 21.77529531500005], [88.29542076900003, 21.676581122000073], [88.29704837300005, 21.65387604400007], [88.29444420700008, 21.64280833500004], [88.28419030000003, 21.621242580000057], [88.28337649800005, 21.609198309000078], [88.28760826900003, 21.60028717700004], [88.30062910200007, 21.58934153900009], [88.30445397200003, 21.581854559000078], [88.30583743600005, 21.57168203300006], [88.30372155000003, 21.568793036000045], [88.29786217500003, 21.566555080000057], [88.28711998800003, 21.558294989000046], [88.27898196700005, 21.555161851000037], [88.26612389400003, 21.553859768000052], [88.25440514400003, 21.55467357000009], [88.24927819100003, 21.558294989000046], [88.24594160200007, 21.579901434000078], [88.23747806100005, 21.601711330000057], [88.22437584700003, 21.613023179000038], [88.20826256600003, 21.60297272300005], [88.18946373800003, 21.641791083000044], [88.18189537900008, 21.665228583000044], [88.18091881600003, 21.68496328300006], [88.19044030000003, 21.70408763200004], [88.20346113400007, 21.724351304000038], [88.21045983200008, 21.747259833000044], [88.20142662900008, 21.774318752000056], [88.20972741000003, 21.78856028900009], [88.20378665500004, 21.80540599200009], [88.15406334700003, 21.88808828300006], [88.15642337300005, 21.89785390800006], [88.15943444100003, 21.90615469000005], [88.14673912900008, 21.95921458500004], [88.14991295700008, 21.976385809000078], [88.15626061300003, 21.99087148600006], [88.16431725400008, 22.003119208000044], [88.20679772200003, 22.05337148600006], [88.22242272200003, 22.077948309000078], [88.21273847700007, 22.100043036000045], [88.20337975400008, 22.15176015800006], [88.19800866000003, 22.167792059000078], [88.16529381600003, 22.18500397300005], [88.11841881600003, 22.20018138200004], [88.08130944100003, 22.217352606000077], [88.07732181100005, 22.24042389500005], [88.05974368600005, 22.22947825700004], [88.04346764400003, 22.224758205000057], [88.02702884200005, 22.227850653000075], [88.00904381600003, 22.24042389500005], [87.98511803500003, 22.26593659100007], [87.97266686300003, 22.28318919500009], [87.96745853000004, 22.298488674000055], [87.96420332100007, 22.319281317000048], [87.95069420700008, 22.35618724200009], [87.94752037900008, 22.373846747000073], [87.94613691500007, 22.394924221000053], [87.94044030000003, 22.413031317000048], [87.92798912900008, 22.424221096000053], [87.90658613400007, 22.424750067000048], [87.90658613400007, 22.41860586100006], [87.92286217500003, 22.397772528000075], [87.93580162900008, 22.355169989000046], [87.94752037900008, 22.27765534100007], [87.95281009200005, 22.26243724200009], [87.96534264400003, 22.24481842700004], [87.99195397200003, 22.21588776200008], [88.00847415500004, 22.204901434000078], [88.02540123800003, 22.200913804000038], [88.05738366000003, 22.198879299000055], [88.09546959700003, 22.191229559000078], [88.13257897200003, 22.17914459800005], [88.16098066500007, 22.15656159100007], [88.17351321700005, 22.116888739000046], [88.16431725400008, 22.089789130000042], [88.14063561300003, 22.06012604400007], [88.11117597700007, 22.034857489000046], [88.08472741000003, 22.020697333000044], [88.04859459700003, 22.020738023000035], [88.04314212300005, 22.017279364000046], [88.04517662900008, 22.00653717700004], [88.04900149800005, 21.995428778000075], [88.05079186300003, 21.98501211100006], [88.04688561300003, 21.97601959800005], [88.03239993600005, 21.957180080000057], [87.98365319100003, 21.85419342700004], [87.97046959700003, 21.836493231000077], [87.95777428500003, 21.828924872000073], [87.94800866000003, 21.825384833000044], [87.90902754000007, 21.79881419500009], [87.90219160200007, 21.796820380000042], [87.89918053500003, 21.79482656500005], [87.89568118600005, 21.78937409100007], [87.89478600400008, 21.77875397300005], [87.89291425900007, 21.774318752000056], [87.86719811300003, 21.750799872000073], [87.83399498800003, 21.729315497000073], [87.75570722700007, 21.69171784100007], [87.70378665500004, 21.655503648000035], [87.68384850400008, 21.650132554000038], [87.64210045700008, 21.652085679000038], [87.62134850400008, 21.65062083500004], [87.47738691500007, 21.61359284100007], [87.46876061300003, 21.611395575000074], [87.40492900200007, 21.586644402000047], [87.34180748800003, 21.56240469000005], [87.29346764400003, 21.553656317000048], [87.25611412900008, 21.56199778900009], [87.24733373984822, 21.557326622285444], [87.24594160200007, 21.556586005000042], [87.23519941500007, 21.554510809000078], [87.21143639400003, 21.55459219000005], [87.20093834700003, 21.551988023000035], [87.11304772200003, 21.507961330000057], [87.06373131600003, 21.475002346000053], [86.91765384200005, 21.327378648000035], [86.86695397200003, 21.25604889500005], [86.83725019600007, 21.174709377000056], [86.84400475400008, 21.08222077000005], [86.95215905000003, 20.84910716400009], [86.96566816500007, 20.805975653000075], [86.95386803500003, 20.780585028000075], [86.93628991000003, 20.787502346000053], [86.91651451900003, 20.78807200700004], [86.87875410200007, 20.780585028000075], [86.88933353000004, 20.764471747000073], [86.91065514400003, 20.756415106000077], [86.95720462300005, 20.753241278000075], [86.97999108200008, 20.755560614000046], [86.98658287900008, 20.75185781500005], [86.99488366000003, 20.73895905200004], [87.00001061300003, 20.728216864000046], [87.00180097700007, 20.71898021000004], [86.99870853000004, 20.71112702000005], [86.98861738400007, 20.704250393000052], [86.97575931100005, 20.710679429000038], [86.96119225400008, 20.712836005000042], [86.94825280000003, 20.709051825000074], [86.94019616000003, 20.69798411700009], [86.95191491000003, 20.697007554000038], [86.96119225400008, 20.695054429000038], [86.96851647200003, 20.691148179000038], [86.97429446700005, 20.684393622000073], [86.98170006600003, 20.685370184000078], [86.98650149800005, 20.684393622000073], [86.99024498800003, 20.67999909100007], [86.99488366000003, 20.670721747000073], [87.01937910200007, 20.68036530200004], [87.03337649800005, 20.69017161700009], [87.04322350400008, 20.69798411700009], [87.02751712300005, 20.67967357000009], [87.00359134200005, 20.657049872000073], [86.97624759200005, 20.637884833000044], [86.92318769600007, 20.62173086100006], [86.77418053500003, 20.51194896000004], [86.75147545700008, 20.489162502000056], [86.73389733200008, 20.462225653000075], [86.72461998800003, 20.43195221600007], [86.72046959700003, 20.368475653000075], [86.74195397200003, 20.37954336100006], [86.75635826900003, 20.393744208000044], [86.76978600400008, 20.40070221600007], [86.78874759200005, 20.39012278900009], [86.78825931100005, 20.402818101000037], [86.78980553500003, 20.41469961100006], [86.79615319100003, 20.437323309000078], [86.80982506600003, 20.41510651200008], [86.79420006600003, 20.378159898000035], [86.76832116000003, 20.343451239000046], [86.75147545700008, 20.328070380000042], [86.73926842500003, 20.32420482000009], [86.71973717500003, 20.31509023600006], [86.70167076900003, 20.30377838700008], [86.69369550900007, 20.29393138200004], [86.70167076900003, 20.28465403900009], [86.71973717500003, 20.29173411700009], [86.75464928500003, 20.31443919500009], [86.71745853000004, 20.286932684000078], [86.62818444100003, 20.235256252000056], [86.58383222700007, 20.21820709800005], [86.53419030000003, 20.20612213700008], [86.51148522200003, 20.19745514500005], [86.49512780000003, 20.184068101000037], [86.49040774800005, 20.17405833500004], [86.47885175900007, 20.129339911000045], [86.46851647200003, 20.10927969000005], [86.46713300900007, 20.094671942000048], [86.41504967500003, 20.036322333000044], [86.39144941500007, 20.02020905200004], [86.39673912900008, 20.00995514500005], [86.40414472700007, 20.00263092700004], [86.41407311300003, 19.998846747000073], [86.42628014400003, 19.999172268000052], [86.39722741000003, 19.982855536000045], [86.34839928500003, 20.00885651200008], [86.27540123800003, 20.06736888200004], [86.23129316500007, 20.064886786000045], [86.20915774800005, 20.06663646000004], [86.19971764400003, 20.077948309000078], [86.19597415500004, 20.08030833500004], [86.17302493600005, 20.10219961100006], [86.16846764400003, 20.11318594000005], [86.16309655000003, 20.134833075000074], [86.15870201900003, 20.143133856000077], [86.15251712300005, 20.143133856000077], [86.14503014400003, 20.122015692000048], [86.15430748800003, 20.089992580000057], [86.15870201900003, 20.08104075700004], [86.16773522200003, 20.07294342700004], [86.18775475400008, 20.063666083000044], [86.21371504000007, 20.04242584800005], [86.23023522200003, 20.035305080000057], [86.26856530000003, 20.02643463700008], [86.27344811300003, 20.026190497000073], [86.28467858200008, 20.027492580000057], [86.28907311300003, 20.02643463700008], [86.29322350400008, 20.021429755000042], [86.29411868600005, 20.015692450000074], [86.29420006600003, 20.01040273600006], [86.29590905000003, 20.00657786700009], [86.30290774800005, 19.99909088700008], [86.30811608200008, 19.99209219000005], [86.31495201900003, 19.986883856000077], [86.32667076900003, 19.984849351000037], [86.34156334700003, 19.97988515800006], [86.35645592500003, 19.970404364000046], [86.37240644600007, 19.964992580000057], [86.26856530000003, 19.91034577000005], [86.11158287900008, 19.85569896000004], [86.08904056100005, 19.844224351000037], [86.07837975400008, 19.843573309000078], [86.06674238400007, 19.851996161000045], [86.05665123800003, 19.85687897300005], [86.04656009200005, 19.85252513200004], [86.03793379000007, 19.84528229400007], [86.03207441500007, 19.841498114000046], [86.01351972700007, 19.839056708000044], [85.88884524800005, 19.80296458500004], [85.84636478000004, 19.795843817000048], [85.80860436300003, 19.773382880000042], [85.78882897200003, 19.765692450000074], [85.77808678500003, 19.76463450700004], [85.74439537900008, 19.765692450000074], [85.73438561300003, 19.763617255000042], [85.71485436300003, 19.75421784100007], [85.68458092500003, 19.747748114000046], [85.62427819100003, 19.718573309000078], [85.62598717500003, 19.72288646000004], [85.63599694100003, 19.726629950000074], [85.63795006600003, 19.731634833000044], [85.61426842500003, 19.72793203300006], [85.54916425900007, 19.690619208000044], [85.48047936300003, 19.66632721600007], [85.45679772200003, 19.663316148000035], [85.44988040500004, 19.66669342700004], [85.44752037900008, 19.674627997000073], [85.44678795700008, 19.690619208000044], [85.44312584700003, 19.69245026200008], [85.43685957100007, 19.691351630000042], [85.43043053500003, 19.69171784100007], [85.42628014400003, 19.69745514500005], [85.42701256600003, 19.70408763200004], [85.43165123800003, 19.704901434000078], [85.43685957100007, 19.70465729400007], [85.43930097700007, 19.70799388200004], [85.45085696700005, 19.71629466400009], [85.47754967500003, 19.723863023000035], [85.52198326900003, 19.739081122000073], [85.52556399800005, 19.734035549000055], [85.52344811300003, 19.72870514500005], [85.51889082100007, 19.721584377000056], [85.51498457100007, 19.71112702000005], [85.55884850400008, 19.738104559000078], [85.57650800900007, 19.745835679000038], [85.56763756600003, 19.750799872000073], [85.56324303500003, 19.75690338700008], [85.56413821700005, 19.76439036700009], [85.57032311300003, 19.773179429000038], [85.56714928500003, 19.79165273600006], [85.57032311300003, 19.87563711100006], [85.55713951900003, 19.881781317000048], [85.51498457100007, 19.88930898600006], [85.47681725400008, 19.90102773600006], [85.46355228000004, 19.902899481000077], [85.44011478000004, 19.896226304000038], [85.41627037900008, 19.879787502000056], [85.37452233200008, 19.83779531500005], [85.31959069100003, 19.79364655200004], [85.30420983200008, 19.792669989000046], [85.29029381600003, 19.789943752000056], [85.27808678500003, 19.785589911000045], [85.26807701900003, 19.78001536700009], [85.24683678500003, 19.762640692000048], [85.22095787900008, 19.736029364000046], [85.20337975400008, 19.70726146000004], [85.20655358200008, 19.68378327000005], [85.18995201900003, 19.67096588700008], [85.17514082100007, 19.63690827000005], [85.16553795700008, 19.625799872000073], [85.15015709700003, 19.61347077000005], [85.14014733200008, 19.596584377000056], [85.13933353000004, 19.579779364000046], [85.15137780000003, 19.56777578300006], [85.15137780000003, 19.560288804000038], [85.13917076900003, 19.557074286000045], [85.12289472700007, 19.54901764500005], [85.10889733200008, 19.53896719000005], [85.10287519600007, 19.52960846600007], [85.10450280000003, 19.514878648000035], [85.10873457100007, 19.506781317000048], [85.11548912900008, 19.507473049000055], [85.12403405000003, 19.519354559000078], [85.12875410200007, 19.509507554000038], [85.13021894600007, 19.49872467700004], [85.12867272200003, 19.487982489000046], [85.12403405000003, 19.478338934000078], [85.13575280000003, 19.481594143000052], [85.14177493600005, 19.487127997000073], [85.14576256600003, 19.493475653000075], [85.15137780000003, 19.498846747000073], [85.16244550900007, 19.50348541900007], [85.17115319100003, 19.504461981000077], [85.17855879000007, 19.504299221000053], [85.18555748800003, 19.505682684000078], [85.20289147200003, 19.51715729400007], [85.20191491000003, 19.527085679000038], [85.19629967500003, 19.53847890800006], [85.19922936300003, 19.55410390800006], [85.20630944100003, 19.548000393000052], [85.21452884200005, 19.547267971000053], [85.22364342500003, 19.549953518000052], [85.23324629000007, 19.55410390800006], [85.20378665500004, 19.57050202000005], [85.19304446700005, 19.573919989000046], [85.19304446700005, 19.58079661700009], [85.21290123800003, 19.58112213700008], [85.22364342500003, 19.590236721000053], [85.23259524800005, 19.60154857000009], [85.24756920700008, 19.608710028000075], [85.24756920700008, 19.614935614000046], [85.24187259200005, 19.617010809000078], [85.23731530000003, 19.62055084800005], [85.23438561300003, 19.62567780200004], [85.23324629000007, 19.632554429000038], [85.23633873800003, 19.635321356000077], [85.24781334700003, 19.653143622000073], [85.24756920700008, 19.65648021000004], [85.26075280000003, 19.656073309000078], [85.30909264400003, 19.642238674000055], [85.35059655000003, 19.67763906500005], [85.36378014400003, 19.67804596600007], [85.37435957100007, 19.674709377000056], [85.38306725400008, 19.67609284100007], [85.39144941500007, 19.690619208000044], [85.39918053500003, 19.67914459800005], [85.40316816500007, 19.67129140800006], [85.40495853000004, 19.661932684000078], [85.40528405000003, 19.64594147300005], [85.40219160200007, 19.64398834800005], [85.38868248800003, 19.63825104400007], [85.38461347700007, 19.635972398000035], [85.38217207100007, 19.63108958500004], [85.38038170700008, 19.619614976000037], [85.37794030000003, 19.614935614000046], [85.36841881600003, 19.60809967700004], [85.35230553500003, 19.599432684000078], [85.33676191500007, 19.596096096000053], [85.33008873800003, 19.60496653900009], [85.32642662900008, 19.618801174000055], [85.31836998800003, 19.619533596000053], [85.31104576900003, 19.610500393000052], [85.30909264400003, 19.595038153000075], [85.30347741000003, 19.597479559000078], [85.29379316500007, 19.599554755000042], [85.28842207100007, 19.601263739000046], [85.30250084700003, 19.58665599200009], [85.30583743600005, 19.580145575000074], [85.30290774800005, 19.573919989000046], [85.33057701900003, 19.57640208500004], [85.57650800900007, 19.690619208000044], [85.54029381600003, 19.669582424000055], [85.46338951900003, 19.63104889500005], [85.38021894600007, 19.593817450000074], [85.33668053500003, 19.57518138200004], [85.28541100400008, 19.536281643000052], [85.24057050900007, 19.518052476000037], [85.18043053500003, 19.475002346000053], [85.06950931100005, 19.37213776200008], [84.99586022200003, 19.32330963700008], [84.87208092500003, 19.219875393000052], [84.79102623800003, 19.12059153900009], [84.77776126400005, 19.11619700700004], [84.77515709700003, 19.115301825000074], [84.76441491000003, 19.123439846000053], [84.75066165500004, 19.138373114000046], [84.73878014400003, 19.147650458000044], [84.73365319100003, 19.139146226000037], [84.73121178500003, 19.12881094000005], [84.72095787900008, 19.11424388200004], [84.71998131600003, 19.101629950000074], [84.72282962300005, 19.09601471600007], [84.73536217500003, 19.083197333000044], [84.74048912900008, 19.07367584800005], [84.75684655000003, 19.09764232000009], [84.76099694100003, 19.101629950000074], [84.76783287900008, 19.10179271000004], [84.77523847700007, 19.100490627000056], [84.78003991000003, 19.09707265800006], [84.77833092500003, 19.091009833000044], [84.75114993600005, 19.053900458000044], [84.74105879000007, 19.028143622000073], [84.69947350400008, 18.977484442000048], [84.67953535200007, 18.945705471000053], [84.66504967500003, 18.930121161000045], [84.63086998800003, 18.915716864000046], [84.54786217500003, 18.796087958000044], [84.54184004000007, 18.775783596000053], [84.44825280000003, 18.68065013200004], [84.43718509200005, 18.66278717700004], [84.43262780000003, 18.645697333000044], [84.42367597700007, 18.636460679000038], [84.37045332100007, 18.601304429000038], [84.34945722700007, 18.56981028900009], [84.33285566500007, 18.55369700700004], [84.31226647200003, 18.546698309000078], [84.30632571700005, 18.54368724200009], [84.28858483200008, 18.529771226000037], [84.28174889400003, 18.52558014500005], [84.27271569100003, 18.524318752000056], [84.25001061300003, 18.524237372000073], [84.24691816500007, 18.52558014500005], [84.23764082100007, 18.510931708000044], [84.24935957100007, 18.501654364000046], [84.27100670700008, 18.50018952000005], [84.29769941500007, 18.51630280200004], [84.32618248800003, 18.53742096600007], [84.34994550900007, 18.55292389500005], [84.33122806100005, 18.53864166900007], [84.28793379000007, 18.50576406500005], [84.24008222700007, 18.460760809000078], [84.23047936300003, 18.446234442000048], [84.18832441500007, 18.418036200000074], [84.17448978000004, 18.39984772300005], [84.15284264400003, 18.383612372000073], [84.14389082100007, 18.374823309000078], [84.13892662900008, 18.364162502000056], [84.13648522200003, 18.353583075000074], [84.13282311300003, 18.343410549000055], [84.12403405000003, 18.333807684000078], [84.11312910200007, 18.29828522300005], [84.07740319100003, 18.271551825000074], [83.77515709700003, 18.139593817000048], [83.61394290500004, 18.04515208500004], [83.58228600400008, 18.01911041900007], [83.57618248800003, 18.00975169500009], [83.56283613400007, 17.98309967700004], [83.55836022200003, 17.97752513200004], [83.55665123800003, 17.973456122000073], [83.53891035200007, 17.956284898000092], [83.53443444100003, 17.95331452000005], [83.52613366000003, 17.942531643000052], [83.48658287900008, 17.916896877000056], [83.47291100400008, 17.902492580000057], [83.46558678500003, 17.902492580000057], [83.46290123800003, 17.90851471600007], [83.45191491000003, 17.92291901200008], [83.44898522200003, 17.90688711100006], [83.45240319100003, 17.88621653900009], [83.45297285200007, 17.868475653000075], [83.43116295700008, 17.85423411700009], [83.42530358200008, 17.83860911700009], [83.41773522200003, 17.80621979400007], [83.40235436300003, 17.784491278000075], [83.34131920700008, 17.71743398600006], [83.31910241000003, 17.703192450000074], [83.31324303500003, 17.70115794500009], [83.30437259200005, 17.692206122000073], [83.29859459700003, 17.69013092700004], [83.29273522200003, 17.691148179000038], [83.28956139400003, 17.69326406500005], [83.28744550900007, 17.695379950000074], [83.28467858200008, 17.69635651200008], [83.28223717500003, 17.699286200000074], [83.28028405000003, 17.705959377000056], [83.27637780000003, 17.71308014500005], [83.26823978000004, 17.71747467700004], [83.24691816500007, 17.71625397300005], [83.24203535200007, 17.70652903900009], [83.24927819100003, 17.695379950000074], [83.27198326900003, 17.68813711100006], [83.29249108200008, 17.677476304000038], [83.29859459700003, 17.672796942000048], [83.29908287900008, 17.66429271000004], [83.28923587300005, 17.65761953300006], [83.26823978000004, 17.648586330000057], [83.25513756600003, 17.63812897300005], [83.24691816500007, 17.63422272300005], [83.21290123800003, 17.634914455000057], [83.23389733200008, 17.60773346600007], [83.23894290500004, 17.592962958000044], [83.22291100400008, 17.586493231000077], [83.20923912900008, 17.583685614000046], [83.19613691500007, 17.57680898600006], [83.17139733200008, 17.559800523000092], [83.08822675900007, 17.53070709800005], [83.05323326900003, 17.50649648600006], [83.01986738400007, 17.49091217700004], [82.99642988400007, 17.473456122000073], [82.97584069100003, 17.453680731000077], [82.96957441500007, 17.450100002000056], [82.95281009200005, 17.44594961100006], [82.94548587300005, 17.443101304000038], [82.89682050900007, 17.409328518000052], [82.88868248800003, 17.41014232000009], [82.88331139400003, 17.42206452000005], [82.86915123800003, 17.414007880000042], [82.85425866000008, 17.402818101000037], [82.83765709700003, 17.39276764500005], [82.79639733200008, 17.38304271000004], [82.75814863400007, 17.359198309000078], [82.71851647200003, 17.34861888200004], [82.47486412900008, 17.205959377000056], [82.45191491000008, 17.182440497000073], [82.43506920700008, 17.15379466400009], [82.42286217500003, 17.139960028000075], [82.38770592500003, 17.12693919500009], [82.37037194100003, 17.11009349200009], [82.34205162900008, 17.073187567000048], [82.31169681100005, 17.046616929000038], [82.29932701900003, 17.03034088700008], [82.29167728000004, 16.998439846000053], [82.25269616000008, 16.92918528900009], [82.25074303500008, 16.907863674000055], [82.25513756600003, 16.885321356000077], [82.26791425900007, 16.86749909100007], [82.29835045700008, 16.85846588700008], [82.30355879000007, 16.85419342700004], [82.30811608200008, 16.849554755000042], [82.31421959700003, 16.846625067000048], [82.31959069100003, 16.84723541900007], [82.32715905000003, 16.849432684000078], [82.33334394600007, 16.852118231000077], [82.33464603000004, 16.854071356000077], [82.35206139400003, 16.845404364000046], [82.36247806100005, 16.859076239000046], [82.36117597700007, 16.89134349200009], [82.35743248800003, 16.92487213700008], [82.34888756600003, 16.95648834800005], [82.36117597700007, 16.936021226000037], [82.36654707100007, 16.908636786000045], [82.36744225400008, 16.860296942000048], [82.36557050900007, 16.81159088700008], [82.35206139400003, 16.76129791900007], [82.34595787900008, 16.70612213700008], [82.33814537900008, 16.67841217700004], [82.31421959700003, 16.628159898000092], [82.31234785200007, 16.61985911700009], [82.31381269600007, 16.612982489000046], [82.31283613400007, 16.60814036700009], [82.30396569100003, 16.60643138200004], [82.29932701900003, 16.61009349200009], [82.29379316500007, 16.62563711100006], [82.28687584700003, 16.628159898000092], [82.28093509200005, 16.620835679000038], [82.28549238400007, 16.60651276200008], [82.29607181100005, 16.591009833000044], [82.30738366000008, 16.579779364000046], [82.25904381600003, 16.56549713700008], [82.20346113400007, 16.51268138200004], [82.18824303500008, 16.504055080000057], [82.17302493600005, 16.500921942000048], [82.12289472700007, 16.477362372000073], [82.09066816500007, 16.454779364000046], [82.06861412900008, 16.444281317000048], [82.03736412900008, 16.447658596000053], [82.02271569100003, 16.43573639500005], [82.00782311300003, 16.419582424000055], [81.99268639400003, 16.40843333500004], [81.98170006600003, 16.407863674000055], [81.96794681100005, 16.40892161700009], [81.95622806100005, 16.407171942000048], [81.94809004000007, 16.391546942000048], [81.94076582100007, 16.388373114000046], [81.89991295700008, 16.38580963700008], [81.88054446700005, 16.381659247000073], [81.86166425900007, 16.375392971000053], [81.78321373800003, 16.33856842700004], [81.76295006600003, 16.32257721600007], [81.71762129000007, 16.312201239000046], [81.71159915500004, 16.312201239000046], [81.69605553500008, 16.314927476000037], [81.67693118600005, 16.327378648000092], [81.65626061300003, 16.33734772300005], [81.63640384200005, 16.33270905200004], [81.62094160200007, 16.339504299000055], [81.58497155000003, 16.34210846600007], [81.56812584700003, 16.34638092700004], [81.57390384200005, 16.358343817000048], [81.56918379000007, 16.367580471000053], [81.55697675900007, 16.37303294500009], [81.54021243600005, 16.37368398600006], [81.54908287900008, 16.352362372000073], [81.53598066500007, 16.350043036000045], [81.49586022200003, 16.360663153000075], [81.47535241000008, 16.358628648000092], [81.41667728000004, 16.34015534100007], [81.42115319100003, 16.35097890800006], [81.42611738400007, 16.358710028000075], [81.42823326900003, 16.365668036000045], [81.42408287900008, 16.37368398600006], [81.41138756600003, 16.382513739000046], [81.39893639400003, 16.382635809000078], [81.38697350400008, 16.376776434000078], [81.37574303500008, 16.36749909100007], [81.35962975400008, 16.374335028000075], [81.34522545700008, 16.373602606000077], [81.33155358200008, 16.36977773600006], [81.31739342500003, 16.36749909100007], [81.25961347700007, 16.33270905200004], [81.24854576900003, 16.320135809000078], [81.24984785200007, 16.311021226000037], [81.25603274800005, 16.30182526200008], [81.25961347700007, 16.28864166900007], [81.25416100400008, 16.271307684000078], [81.23031660200007, 16.24359772300005], [81.21851647200003, 16.19944896000004], [81.19027754000007, 16.13886139500005], [81.18002363400007, 16.086737372000073], [81.16195722700007, 16.057074286000045], [81.15601647200003, 16.03851959800005], [81.15544681100005, 15.985500393000052], [81.14975019600007, 15.969631252000056], [81.13510175900007, 15.966498114000046], [81.08822675900007, 15.921210028000075], [81.04330488400007, 15.894110419000071], [81.02686608200008, 15.88084544500009], [80.99887129000007, 15.84674713700008], [80.99838300900007, 15.83470286700009], [81.00294030000003, 15.82526276200008], [81.00879967500003, 15.81781647300005], [81.01254316500007, 15.81195709800005], [81.01921634200005, 15.792385158000059], [81.01905358200008, 15.78416575700004], [81.01254316500007, 15.777818101000037], [81.00473066500007, 15.778509833000044], [80.99586022200003, 15.784328518000052], [80.98829186300003, 15.791205145000049], [80.97901451900003, 15.803412177000041], [80.94947350400008, 15.827866929000038], [80.94068444100003, 15.83299388200004], [80.92164147200003, 15.83860911700009], [80.91000410200007, 15.852687893000052], [80.90430748800003, 15.871283270000049], [80.90267988400007, 15.890814520000049], [80.91016686300003, 15.96588776200008], [80.90894616000008, 15.98346588700008], [80.90601647200003, 15.999823309000078], [80.89649498800003, 16.031073309000078], [80.89226321700005, 16.02094147300005], [80.89649498800003, 16.010565497000073], [80.88900800900007, 16.003729559000078], [80.88575280000003, 16.008693752000056], [80.88282311300003, 16.011460679000038], [80.87533613400007, 16.017401434000078], [80.89128665500004, 15.978257554000038], [80.89576256600003, 15.936021226000037], [80.89014733200008, 15.89524974200009], [80.85572350400008, 15.822699286000045], [80.83025149800005, 15.747626044000071], [80.82007897200003, 15.72687409100007], [80.80713951900003, 15.716376044000071], [80.80836022200003, 15.803941148000092], [80.80274498800003, 15.84243398600006], [80.77613366000008, 15.884263414000088], [80.76010175900007, 15.892971096000053], [80.73633873800003, 15.897609768000052], [80.69044030000003, 15.90070221600007], [80.68246504000007, 15.903265692000048], [80.67628014400003, 15.907171942000048], [80.67017662900008, 15.907700914000088], [80.66309655000003, 15.90070221600007], [80.66041100400008, 15.893947658000059], [80.66285241000008, 15.889349677000041], [80.61841881600003, 15.88768138200004], [80.60010826900003, 15.882228908000059], [80.58432050900007, 15.872544664000088], [80.57113691500007, 15.868719794000071], [80.56072024800005, 15.88084544500009], [80.55388431100005, 15.88084544500009], [80.54167728000004, 15.868068752000056], [80.52588951900003, 15.856919664000088], [80.49187259200005, 15.839260158000059], [80.48267662900008, 15.836411851000037], [80.47559655000003, 15.83592357000009], [80.46908613400007, 15.834662177000041], [80.46143639400003, 15.829657294000071], [80.44548587300005, 15.814398505000042], [80.43628991000008, 15.808294989000046], [80.39332116000008, 15.797023830000057], [80.35962975400008, 15.775824286000045], [80.27963300900007, 15.700669664000088], [80.26319420700008, 15.67454661700009], [80.21949303500008, 15.56745026200008], [80.21745853000004, 15.548163153000075], [80.20134524800005, 15.51829661700009], [80.19760175900007, 15.503078518000052], [80.21119225400008, 15.496649481000077], [80.20045006600003, 15.482163804000038], [80.18384850400008, 15.452297268000052], [80.17286217500003, 15.438299872000073], [80.14031009200005, 15.406398830000057], [80.12680097700007, 15.38812897300005], [80.12126712300005, 15.370021877000056], [80.09058678500008, 15.304877020000049], [80.09253991000008, 15.296576239000046], [80.08236738400007, 15.20408763200004], [80.05298912900008, 15.092596747000073], [80.05453535200007, 15.014146226000037], [80.06153405000003, 14.974676825000074], [80.07341556100005, 14.94204336100006], [80.07300866000008, 14.92055898600006], [80.10515384200005, 14.763861395000049], [80.10816491000008, 14.714341539000088], [80.11068769600007, 14.704779364000046], [80.11695397200003, 14.698146877000056], [80.12818444100003, 14.68846263200004], [80.15186608200008, 14.672796942000048], [80.15984134200005, 14.662665106000077], [80.16635175900007, 14.628159898000092], [80.17359459700003, 14.616522528000075], [80.17847741000008, 14.60578034100007], [80.17595462300005, 14.592962958000044], [80.16968834700003, 14.58584219000005], [80.16089928500008, 14.579820054000038], [80.14185631600003, 14.571234442000048], [80.14918053500008, 14.565008856000077], [80.15935306100005, 14.565741278000075], [80.18327884200005, 14.571112372000073], [80.19019616000008, 14.571234442000048], [80.19695071700005, 14.565008856000077], [80.19605553500008, 14.559027411000045], [80.19239342500003, 14.553208726000037], [80.19019616000008, 14.54759349200009], [80.18824303500008, 14.52570221600007], [80.17595462300005, 14.46873607000009], [80.17872155000003, 14.38939036700009], [80.17497806100005, 14.344549872000073], [80.15943444100003, 14.324774481000077], [80.13705488400007, 14.269924221000053], [80.12818444100003, 14.256537177000041], [80.09791100400008, 14.254299221000053], [80.08716881600003, 14.25031159100007], [80.07178795700008, 14.232245184000078], [80.07007897200003, 14.229193427000041], [80.05502363400007, 14.221584377000056], [80.04664147200003, 14.206610419000071], [80.05062910200007, 14.196112372000073], [80.07349694100003, 14.201849677000041], [80.09099368600005, 14.216742255000042], [80.10661868600005, 14.234035549000055], [80.12110436300003, 14.242010809000078], [80.13559004000007, 14.229193427000041], [80.12338300900007, 14.193508205000057], [80.12582441500007, 14.148504950000074], [80.14966881600003, 14.027736721000053], [80.16391035200007, 13.987982489000046], [80.23715254000007, 13.839667059000078], [80.24927819100003, 13.800279039000088], [80.24545332100007, 13.755601304000038], [80.22738691500007, 13.720526434000078], [80.22095787900008, 13.696966864000046], [80.22771243600005, 13.677069403000075], [80.23804772200003, 13.660223700000074], [80.25904381600003, 13.591742255000042], [80.28809655000003, 13.527085679000038], [80.30958092500003, 13.479315497000073], [80.31373131600003, 13.440904039000088], [80.30689537900008, 13.440904039000088], [80.27776126400005, 13.512518622000073], [80.24545332100007, 13.591742255000042], [80.19727623800003, 13.64362213700008], [80.18360436300003, 13.679185289000088], [80.15251712300005, 13.718939520000049], [80.14185631600003, 13.728949286000045], [80.14177493600005, 13.649115302000041], [80.13559004000007, 13.619086005000042], [80.12126712300005, 13.62726471600007], [80.11768639400003, 13.638861395000049], [80.12126712300005, 13.663763739000046], [80.11784915500004, 13.674505927000041], [80.10987389400003, 13.68073151200008], [80.10084069100003, 13.68626536700009], [80.09400475400008, 13.69476959800005], [80.09359785200007, 13.67133209800005], [80.09131920700008, 13.659125067000048], [80.07553144600007, 13.648382880000042], [80.05298912900008, 13.619086005000042], [80.05648847700007, 13.59516022300005], [80.06950931100005, 13.574408270000049], [80.10132897200003, 13.53709544500009], [80.11207116000008, 13.511542059000078], [80.11939537900008, 13.500677802000041], [80.13184655000003, 13.496161200000074], [80.15308678500008, 13.494208075000074], [80.17595462300005, 13.48932526200008], [80.21973717500003, 13.487779039000088], [80.22771243600005, 13.485581773000092], [80.23511803500008, 13.478094794000071], [80.24341881600003, 13.472154039000088], [80.25342858200008, 13.46865469000005], [80.26018313900005, 13.468451239000046], [80.26587975400008, 13.468247789000088], [80.26238040500004, 13.451239325000074], [80.27475019600007, 13.440008856000077], [80.29314212300005, 13.42914459800005], [80.30689537900008, 13.413031317000048], [80.31226647200003, 13.423163153000075], [80.31373131600003, 13.427232164000088], [80.32699629000007, 13.430365302000041], [80.33399498800003, 13.413031317000048], [80.34400475400008, 13.375433661000045], [80.34782962300005, 13.34906647300005], [80.34555097700007, 13.321234442000048], [80.33627363400007, 13.27094147300005], [80.33415774800005, 13.24290599200009], [80.32374108200008, 13.246893622000073], [80.31983483200008, 13.249172268000052], [80.31804446700005, 13.230902411000045], [80.31373131600003, 13.215033270000049], [80.31820722700007, 13.216986395000049], [80.33415774800005, 13.221177476000037], [80.33277428500008, 13.198146877000056], [80.32422936300003, 13.180365302000041], [80.31381269600007, 13.16429271000004], [80.30689537900008, 13.146063544000071], [80.30713951900003, 13.135646877000056], [80.31373131600003, 13.10578034100007], [80.30795332100007, 13.09601471600007], [80.28972415500004, 13.076727606000077], [80.28581790500004, 13.067572333000044], [80.28272545700008, 13.029364325000074], [80.26905358200008, 12.95726146000004], [80.26319420700008, 12.835353908000059], [80.25171959700003, 12.762518622000073], [80.23365319100003, 12.711004950000074], [80.22868899800005, 12.674994208000044], [80.22217858200008, 12.659979559000078], [80.20386803500008, 12.632147528000075], [80.19646243600005, 12.613714911000045], [80.18506920700008, 12.56712474200009], [80.18336022200003, 12.546820380000042], [80.17969811300003, 12.532619533000059], [80.15601647200003, 12.47451406500005], [80.12126712300005, 12.416815497000073], [80.11703535200007, 12.400946356000077], [80.09595787900008, 12.362250067000048], [80.08716881600003, 12.35101959800005], [80.06373131600003, 12.337469794000071], [80.05982506600003, 12.33421458500004], [80.05746504000007, 12.331244208000044], [80.02572675900007, 12.276516018000052], [80.00513756600003, 12.256048895000049], [79.95215905000003, 12.22992584800005], [79.94385826900003, 12.21784088700008], [79.95313561300003, 12.213568427000041], [79.97380618600005, 12.222398179000038], [80.00513756600003, 12.241766669000071], [79.94760175900007, 12.153631903000075], [79.93360436300003, 12.138739325000074], [79.92750084700003, 12.12986888200004], [79.89698326900003, 12.068752346000053], [79.87012780000003, 12.03742096600007], [79.86182701900003, 12.022040106000077], [79.86052493600005, 12.011542059000078], [79.86182701900003, 11.97797272300005], [79.85962975400008, 11.972723700000074], [79.85035241000008, 11.959133205000057], [79.84953860800005, 11.95506419500009], [79.84498131600003, 11.933254299000055], [79.82032311300003, 11.878648179000038], [79.80323326900003, 11.796087958000044], [79.79273522200003, 11.78807200700004], [79.78589928500008, 11.769191799000055], [79.76710045700008, 11.673651434000078], [79.76343834700003, 11.634263414000088], [79.75416100400008, 11.596991278000075], [79.75196373800003, 11.576971747000073], [79.75733483200008, 11.536078192000048], [79.78077233200008, 11.46507396000004], [79.78598066500007, 11.426174221000053], [79.79297936300003, 11.426174221000053], [79.79737389400003, 11.434881903000075], [79.79916425900007, 11.442206122000073], [79.79761803500008, 11.44830963700008], [79.79297936300003, 11.453517971000053], [79.80933678500008, 11.451361395000049], [79.81666100400008, 11.443060614000046], [79.82195071700005, 11.391058661000045], [79.81934655000003, 11.38149648600006], [79.81031334700003, 11.37889232000009], [79.78272545700008, 11.37889232000009], [79.77605228000004, 11.380357164000088], [79.76929772200003, 11.380926825000074], [79.75879967500003, 11.37836334800005], [79.74984785200007, 11.37368398600006], [79.74040774800005, 11.366441148000092], [79.68433678500008, 11.312201239000046], [79.67628014400003, 11.296454169000071], [79.68311608200008, 11.296454169000071], [79.69629967500003, 11.303412177000041], [79.74203535200007, 11.335598049000055], [79.75196373800003, 11.340521552000041], [79.75928795700008, 11.358343817000048], [79.77637780000003, 11.362982489000046], [79.79688561300003, 11.359035549000055], [79.82374108200008, 11.34666575700004], [79.82992597700007, 11.346096096000053], [79.83301842500003, 11.341986395000049], [79.83497155000003, 11.263861395000049], [79.85531660200007, 11.159857489000046], [79.85222415500004, 11.006984768000052], [79.84669030000003, 10.979844468000067], [79.84066816500007, 10.950140692000048], [79.84734134200005, 10.80963776200008], [79.84986412900008, 10.755194403000075], [79.85027103000004, 10.59210846600007], [79.85962975400008, 10.551459052000041], [79.86378014400003, 10.378729559000078], [79.85670006600003, 10.29328034100007], [79.85132897200003, 10.28221263200004], [79.83432050900007, 10.27875397300005], [79.81462649800005, 10.272406317000048], [79.79509524800005, 10.269232489000046], [79.77857506600003, 10.27537669500009], [79.78003991000008, 10.296616929000038], [79.75709069100003, 10.309068101000037], [79.63314863400007, 10.328599351000037], [79.62126712300005, 10.324164130000042], [79.61410566500007, 10.30955638200004], [79.63038170700008, 10.310492255000042], [79.64649498800003, 10.30963776200008], [79.66179446700005, 10.307074286000045], [79.67628014400003, 10.30272044500009], [79.68458092500003, 10.29873281500005], [79.69467207100007, 10.29165273600006], [79.70362389400003, 10.28904857000009], [79.73080488400007, 10.28904857000009], [79.75896243600005, 10.28221263200004], [79.77369225400008, 10.27366771000004], [79.77247155000003, 10.26170482000009], [79.75977623800003, 10.258246161000045], [79.58008873800003, 10.29588450700004], [79.56348717500003, 10.29710521000004], [79.55665123800003, 10.298651434000078], [79.55274498800003, 10.30272044500009], [79.55176842500003, 10.313299872000073], [79.55689537900008, 10.316066799000055], [79.56519616000008, 10.315741278000075], [79.57390384200005, 10.316961981000077], [79.60401451900003, 10.32908763200004], [79.60710696700005, 10.336004950000074], [79.58692467500003, 10.343695380000042], [79.56771894600007, 10.335882880000042], [79.52857506600003, 10.338324286000045], [79.53223717500003, 10.330023505000042], [79.53223717500003, 10.323187567000048], [79.51148522200003, 10.316595770000049], [79.45972741000008, 10.308294989000046], [79.43726647200003, 10.30955638200004], [79.41195722700007, 10.320990302000041], [79.39812259200005, 10.324652411000045], [79.38550866000008, 10.320135809000078], [79.36378014400003, 10.301906643000052], [79.30494225400008, 10.268133856000077], [79.28614342500003, 10.252834377000056], [79.27222741000008, 10.234442450000074], [79.27027428500008, 10.223334052000041], [79.27068118600005, 10.209540106000077], [79.26921634200005, 10.197821356000077], [79.26197350400008, 10.192857164000088], [79.24830162900008, 10.189195054000038], [79.24000084700003, 10.179754950000074], [79.23633873800003, 10.166571356000077], [79.23747806100005, 10.151922919000071], [79.24431399800005, 10.08494700700004], [79.25416100400008, 10.054266669000071], [79.27906334700003, 10.035834052000041], [79.24073326900003, 10.010565497000073], [79.20036868600005, 9.970282294000071], [79.14185631600003, 9.891180731000077], [79.12134850400008, 9.85024648600006], [79.10352623800003, 9.830145575000074], [79.10084069100003, 9.82607656500005], [79.09408613400007, 9.802313544000071], [79.07781009200005, 9.782171942000048], [79.03882897200003, 9.747219143000052], [78.98080488400007, 9.667181708000044], [78.97982832100007, 9.658636786000045], [78.98023522200003, 9.649115302000041], [78.97730553500008, 9.637925523000092], [78.97282962300005, 9.631293036000045], [78.96208743600005, 9.622707424000055], [78.95679772200003, 9.61749909100007], [78.94752037900008, 9.602850653000075], [78.93832441500007, 9.583685614000046], [78.93148847700007, 9.561672268000052], [78.92530358200008, 9.513617255000042], [78.91325931100005, 9.474269924000055], [78.91529381600003, 9.45302969000005], [78.93344160200007, 9.416449286000045], [78.95972741000008, 9.384955145000049], [79.03988691500007, 9.31468333500004], [79.07471764400003, 9.29987213700008], [79.11557050900007, 9.29124583500004], [79.25171959700003, 9.28851959800005], [79.27377363400007, 9.296698309000078], [79.29712975400008, 9.312648830000057], [79.32007897200003, 9.32330963700008], [79.34107506600003, 9.31586334800005], [79.34571373800003, 9.30654531500005], [79.34253991000008, 9.299017645000049], [79.33668053500008, 9.29047272300005], [79.33366946700005, 9.278265692000048], [79.33570397200003, 9.267645575000074], [79.34058678500008, 9.260931708000044], [79.34522545700008, 9.255926825000074], [79.34734134200005, 9.25031159100007], [79.35352623800003, 9.240912177000041], [79.36793053500008, 9.22760651200008], [79.43824303500008, 9.176336981000077], [79.45362389400003, 9.159002997000073], [79.44027754000007, 9.15135325700004], [79.42400149800005, 9.159084377000056], [79.36101321700005, 9.213446356000077], [79.29273522200003, 9.25031159100007], [79.23243248800003, 9.257879950000074], [79.21697024800005, 9.267401434000078], [79.20101972700007, 9.266506252000056], [79.18409264400003, 9.27179596600007], [79.16537519600007, 9.274237372000073], [79.12940514400003, 9.256333726000037], [79.09864342500003, 9.257228908000059], [79.08716881600003, 9.25381094000005], [79.06080162900008, 9.264593817000048], [79.02572675900007, 9.27374909100007], [78.98894290500004, 9.278265692000048], [78.95679772200003, 9.27484772300005], [78.94898522200003, 9.27049388200004], [78.92896569100003, 9.25381094000005], [78.91846764400003, 9.251613674000055], [78.91130618600005, 9.252142645000049], [78.90447024800005, 9.253566799000055], [78.89551842500003, 9.25381094000005], [78.86101321700005, 9.248968817000048], [78.84376061300003, 9.243963934000078], [78.81519616000008, 9.22842031500005], [78.77711022200003, 9.21938711100006], [78.76156660200007, 9.20970286700009], [78.75196373800003, 9.200588283000059], [78.74073326900003, 9.19281647300005], [78.72779381600003, 9.187445380000042], [78.67628014400003, 9.184149481000077], [78.66130618600005, 9.17719147300005], [78.65512129000007, 9.16156647300005], [78.64893639400003, 9.15143463700008], [78.63477623800003, 9.144598700000074], [78.61882571700005, 9.14052969000005], [78.48585045700008, 9.124823309000078], [78.44988040500004, 9.116603908000059], [78.41211998800003, 9.09983958500004], [78.37745201900003, 9.077460028000075], [78.23975670700008, 8.96556224200009], [78.21762129000007, 8.938950914000088], [78.18279056100005, 8.877101955000057], [78.17790774800005, 8.861070054000038], [78.17448978000004, 8.794419664000088], [78.17042076900003, 8.771877346000053], [78.16236412900008, 8.753485419000071], [78.17579186300003, 8.76390208500004], [78.18873131600003, 8.765448309000078], [78.20045006600003, 8.769680080000057], [78.21021569100003, 8.788275458000044], [78.21517988400007, 8.765448309000078], [78.20460045700008, 8.753322658000059], [78.18653405000003, 8.744940497000073], [78.16920006600003, 8.733628648000092], [78.16480553500008, 8.726507880000042], [78.15495853000004, 8.698879299000055], [78.14047285200007, 8.680609442000048], [78.13672936300003, 8.669867255000042], [78.14258873800003, 8.657904364000046], [78.11459394600007, 8.657904364000046], [78.13550866000008, 8.625799872000073], [78.14234459700003, 8.593085028000075], [78.12826582100007, 8.488023179000038], [78.12330162900008, 8.47752513200004], [78.11459394600007, 8.466131903000075], [78.08716881600003, 8.44049713700008], [78.07984459700003, 8.43195221600007], [78.06275475400008, 8.373195705000057], [78.05591881600003, 8.363714911000045], [78.03882897200003, 8.360907294000071], [77.99976647200003, 8.344916083000044], [77.80616295700008, 8.228664455000057], [77.79346764400003, 8.215318101000037], [77.76832116000008, 8.18154531500005], [77.75245201900003, 8.17381419500009], [77.64380944100003, 8.15570709800005], [77.59522545700008, 8.13898346600007], [77.56104576900003, 8.114569403000075], [77.56527754000007, 8.082505601000037], [77.51091556100005, 8.075995184000078], [77.44971764400003, 8.087469794000071], [77.31560306100005, 8.127752997000073], [77.30860436300003, 8.130926825000074], [77.29468834700003, 8.147040106000077], [77.28679446700005, 8.153509833000044], [77.26295006600003, 8.168402411000045], [77.23894290500004, 8.175116278000075], [77.22527103000004, 8.184393622000073], [77.12875410200007, 8.27179596600007], [77.11036217500003, 8.285183010000083], [76.99586022200003, 8.368109442000048], [76.96257571700005, 8.404689846000053], [76.88013756600003, 8.520697333000044], [76.82650800900007, 8.569810289000088], [76.81373131600003, 8.601263739000046], [76.74170983200008, 8.684515692000048], [76.73129316500007, 8.707953192000048], [76.69564863400007, 8.739813544000071], [76.66032962300005, 8.799750067000048], [76.64454186300003, 8.81899648600006], [76.55860436300003, 8.890692450000074], [76.54395592500003, 8.912502346000053], [76.54810631600003, 8.924221096000053], [76.55909264400003, 8.92523834800005], [76.57325280000003, 8.904445705000057], [76.59115644600007, 8.908148505000042], [76.60987389400003, 8.91795482000009], [76.62061608200008, 8.925441799000055], [76.60726972700007, 8.92576732000009], [76.59376061300003, 8.921047268000052], [76.58155358200008, 8.91990794500009], [76.57227623800003, 8.93162669500009], [76.57398522200003, 8.942572333000044], [76.58228600400008, 8.956366278000075], [76.59327233200008, 8.96820709800005], [76.60328209700003, 8.973211981000077], [76.65756269600007, 8.966376044000071], [76.66081790500004, 8.969875393000052], [76.65211022200003, 8.97728099200009], [76.64039147200003, 8.984442450000074], [76.63428795700008, 8.986883856000077], [76.64193769600007, 8.991359768000052], [76.65650475400008, 8.995062567000048], [76.66846764400003, 8.999823309000078], [76.66846764400003, 9.007391669000071], [76.65788821700005, 9.010687567000048], [76.64405358200008, 9.007879950000074], [76.63209069100003, 9.002346096000053], [76.62671959700003, 8.997463283000059], [76.62061608200008, 8.987127997000073], [76.60645592500003, 8.989406643000052], [76.58277428500008, 9.000555731000077], [76.57683353000004, 8.99412669500009], [76.56592858200008, 8.963283596000053], [76.55860436300003, 8.952093817000048], [76.55111738400007, 8.966376044000071], [76.55811608200008, 8.973049221000053], [76.56153405000003, 8.978989976000037], [76.56544030000003, 8.994330145000049], [76.54965254000007, 8.984442450000074], [76.53882897200003, 8.972601630000042], [76.53443444100003, 8.957831122000073], [76.53809655000003, 8.939113674000055], [76.52808678500008, 8.946966864000046], [76.52149498800003, 8.961330471000053], [76.51791425900007, 8.977443752000056], [76.51685631600003, 8.990627346000053], [76.51384524800005, 9.002142645000049], [76.50017337300005, 9.022284247000073], [76.48926842500003, 9.055568752000056], [76.46045983200008, 9.114935614000046], [76.46241295700008, 9.138332424000055], [76.46452884200005, 9.132513739000046], [76.46664472700007, 9.128973700000074], [76.46827233200008, 9.124579169000071], [76.46908613400007, 9.116603908000059], [76.47657311300003, 9.116603908000059], [76.47624759200005, 9.131252346000053], [76.48275800900007, 9.171820380000042], [76.47331790500004, 9.164252020000049], [76.47095787900008, 9.16014232000009], [76.46908613400007, 9.15135325700004], [76.46241295700008, 9.15135325700004], [76.44336998800003, 9.212144273000092], [76.42823326900003, 9.245347398000092], [76.41456139400003, 9.246975002000056], [76.41602623800003, 9.23631419500009], [76.44678795700008, 9.15961334800005], [76.44874108200008, 9.14516836100006], [76.44255618600005, 9.14516836100006], [76.36296634200005, 9.32518138200004], [76.31177819100003, 9.492987372000073], [76.29102623800003, 9.633205471000053], [76.29712975400008, 9.65843333500004], [76.27735436300003, 9.809271552000041], [76.25318444100003, 9.883734442000048], [76.24675540500004, 9.893744208000044], [76.24024498800003, 9.939398505000042], [76.23633873800003, 9.952704169000071], [76.25147545700008, 9.96312083500004], [76.26954186300003, 9.950995184000078], [76.28467858200008, 9.928534247000073], [76.29102623800003, 9.908596096000053], [76.28565514400003, 9.904364325000074], [76.26221764400003, 9.91156647300005], [76.25684655000003, 9.908596096000053], [76.25766035200007, 9.895819403000075], [76.26059004000007, 9.884711005000042], [76.26685631600003, 9.87604401200008], [76.27735436300003, 9.870754299000055], [76.27857506600003, 9.876898505000042], [76.28419030000003, 9.891180731000077], [76.28907311300003, 9.877142645000049], [76.28825931100005, 9.86123281500005], [76.28443444100003, 9.848211981000077], [76.28077233200008, 9.84284088700008], [76.28980553500008, 9.843817450000074], [76.29997806100005, 9.847805080000057], [76.30469811300003, 9.856268622000073], [76.29712975400008, 9.870754299000055], [76.30860436300003, 9.87962474200009], [76.31381269600007, 9.86131419500009], [76.33887780000003, 9.699408270000049], [76.34620201900003, 9.699408270000049], [76.34734134200005, 9.72687409100007], [76.33757571700005, 9.789252020000049], [76.34620201900003, 9.816107489000046], [76.32398522200003, 9.846177476000037], [76.32007897200003, 9.86163971600007], [76.33269290500004, 9.870754299000055], [76.33741295700008, 9.85618724200009], [76.35303795700008, 9.829820054000038], [76.35922285200007, 9.816107489000046], [76.36109459700003, 9.803859768000052], [76.35865319100003, 9.781805731000077], [76.35922285200007, 9.76829661700009], [76.36801191500007, 9.71556224200009], [76.37712649800005, 9.695502020000049], [76.39405358200008, 9.678941148000092], [76.39242597700007, 9.66282786700009], [76.38656660200007, 9.64984772300005], [76.37916100400008, 9.63776276200008], [76.37289472700007, 9.624335028000075], [76.35328209700003, 9.535345770000049], [76.35743248800003, 9.520697333000044], [76.37671959700003, 9.514471747000073], [76.42579186300003, 9.505275783000059], [76.43506920700008, 9.507635809000078], [76.45899498800003, 9.497300523000092], [76.47706139400003, 9.503729559000078], [76.50326582100007, 9.534979559000078], [76.48438561300003, 9.543768622000073], [76.46656334700003, 9.556382554000038], [76.44849694100003, 9.563421942000048], [76.42823326900003, 9.55540599200009], [76.41724694100003, 9.561428127000056], [76.40699303500008, 9.56907786700009], [76.41968834700003, 9.594183661000045], [76.41960696700005, 9.614488023000092], [76.41504967500003, 9.63617584800005], [76.41456139400003, 9.68268463700008], [76.41000410200007, 9.70026276200008], [76.40259850400008, 9.710598049000055], [76.39405358200008, 9.706244208000044], [76.39210045700008, 9.716945705000057], [76.39478600400008, 9.735174872000073], [76.39405358200008, 9.747219143000052], [76.39079837300005, 9.756984768000052], [76.38209069100003, 9.774725653000075], [76.38038170700008, 9.785101630000042], [76.38404381600003, 9.80263906500005], [76.39128665500004, 9.812201239000046], [76.39649498800003, 9.822658596000053], [76.39405358200008, 9.84284088700008], [76.38559004000007, 9.861517645000049], [76.36378014400003, 9.899237372000073], [76.35922285200007, 9.915432033000059], [76.32081139400003, 9.953314520000049], [76.31153405000003, 9.966945705000057], [76.29428144600007, 9.951320705000057], [76.27816816500007, 9.977932033000059], [76.26929772200003, 10.01626211100006], [76.27393639400003, 10.035834052000041], [76.25505618600005, 10.047674872000073], [76.24512780000003, 10.10219961100006], [76.23633873800003, 10.103461005000042], [76.22771243600005, 10.109564520000049], [76.22291100400008, 10.117621161000045], [76.21534264400003, 10.138251044000071], [76.20753014400003, 10.117132880000042], [76.21355228000004, 10.098822333000044], [76.22348066500007, 10.082098700000074], [76.22901451900003, 10.065904039000088], [76.23096764400003, 10.025824286000045], [76.23503665500004, 10.005072333000044], [76.24268639400003, 9.987453518000052], [76.22820071700005, 9.999945380000042], [76.21461022200003, 10.02448151200008], [76.18238366000008, 10.105658270000049], [76.18116295700008, 10.121161200000074], [76.18490644600007, 10.13580963700008], [76.18458092500003, 10.144924221000053], [76.17774498800003, 10.15534088700008], [76.17750084700003, 10.17064036700009], [76.22413170700008, 10.196926174000055], [76.23633873800003, 10.210272528000075], [76.23731530000003, 10.216986395000049], [76.24170983200008, 10.223944403000075], [76.24268639400003, 10.231024481000077], [76.24024498800003, 10.238959052000041], [76.23438561300003, 10.237941799000055], [76.22779381600003, 10.23427969000005], [76.22282962300005, 10.234442450000074], [76.21338951900003, 10.253241278000075], [76.20630944100003, 10.262884833000044], [76.19483483200008, 10.26862213700008], [76.20785566500007, 10.234564520000049], [76.20948326900003, 10.216009833000044], [76.20167076900003, 10.199693101000037], [76.18409264400003, 10.18935781500005], [76.17058353000004, 10.193752346000053], [76.16049238400007, 10.206244208000044], [76.15316816500007, 10.22016022300005], [76.13819420700008, 10.261053778000075], [76.12061608200008, 10.343573309000078], [76.10613040500004, 10.38467031500005], [76.07007897200003, 10.432806708000044], [76.06511478000004, 10.44985586100006], [76.06332441500007, 10.47016022300005], [76.05241946700005, 10.51398346600007], [76.04460696700005, 10.52928294500009], [76.01872806100005, 10.553412177000041], [76.00806725400008, 10.567084052000041], [75.99968509200005, 10.605536200000074], [75.93913821700005, 10.726060289000088], [75.93474368600005, 10.744330145000049], [75.93213951900003, 10.75096263200004], [75.92693118600005, 10.75771719000005], [75.92204837300005, 10.765570380000042], [75.92107181100005, 10.77570221600007], [75.92408287900008, 10.78070709800005], [75.93653405000003, 10.790716864000046], [75.94157962300005, 10.796210028000075], [75.91114342500003, 10.80923086100006], [75.89454186300003, 10.849758205000057], [75.88013756600003, 10.93268463700008], [75.83277428500008, 11.097845770000049], [75.74293053500008, 11.310126044000071], [75.73780358200008, 11.319484768000052], [75.73365319100003, 11.32518138200004], [75.73080488400007, 11.331732489000046], [75.72925866000008, 11.34365469000005], [75.73951256600003, 11.350734768000052], [75.74244225400008, 11.358710028000075], [75.73552493600005, 11.371527411000045], [75.72217858200008, 11.36749909100007], [75.71119225400008, 11.381781317000048], [75.69516035200007, 11.419989325000074], [75.67709394600007, 11.450100002000056], [75.66480553500008, 11.462632554000038], [75.65015709700003, 11.46775950700004], [75.63013756600003, 11.46873607000009], [75.61654707100007, 11.47361888200004], [75.60889733200008, 11.484930731000077], [75.60629316500007, 11.50531647300005], [75.60084069100003, 11.523382880000042], [75.58187910200007, 11.54979075700004], [75.58529707100007, 11.563381252000056], [75.53077233200008, 11.69367096600007], [75.50611412900008, 11.727240302000041], [75.37973066500007, 11.864976304000038], [75.37256920700008, 11.864732164000088], [75.35580488400007, 11.85765208500004], [75.35254967500003, 11.86155833500004], [75.34937584700003, 11.871975002000056], [75.32455488400007, 11.899115302000041], [75.30762780000003, 11.932196356000077], [75.32650800900007, 11.93585846600007], [75.40023847700007, 11.92023346600007], [75.40023847700007, 11.926459052000041], [75.38656660200007, 11.935126044000071], [75.38282311300003, 11.945502020000049], [75.38599694100003, 11.958319403000075], [75.39340254000007, 11.97483958500004], [75.38021894600007, 11.968695380000042], [75.36133873800003, 11.951239325000074], [75.34913170700008, 11.94757721600007], [75.33171634200005, 11.94953034100007], [75.31609134200005, 11.955633856000077], [75.30225670700008, 11.966050523000092], [75.29037519600007, 11.98110586100006], [75.27881920700008, 12.003241278000075], [75.28109785200007, 12.010646877000056], [75.31470787900008, 12.008368231000077], [75.32976321700005, 12.012640692000048], [75.32496178500008, 12.022650458000044], [75.30559329500005, 12.041774807000081], [75.30420983200008, 12.043158270000049], [75.26433353000004, 12.013332424000055], [75.26050866000008, 11.997788804000038], [75.27670332100007, 11.96743398600006], [75.24561608200008, 12.00291575700004], [75.23926842500003, 12.008368231000077], [75.23324629000007, 12.01048411700009], [75.22820071700005, 12.01508209800005], [75.22445722700007, 12.019354559000078], [75.22217858200008, 12.022040106000077], [75.21648196700005, 12.021063544000071], [75.21062259200005, 12.016994533000059], [75.20704186300003, 12.01203034100007], [75.20850670700008, 12.008368231000077], [75.19369550900007, 12.022284247000073], [75.18628991000008, 12.041571356000077], [75.18051191500007, 12.077297268000052], [75.14380944100003, 12.161322333000044], [75.13086998800003, 12.207831122000073], [75.13965905000003, 12.241766669000071], [75.13965905000003, 12.248602606000077], [75.12671959700003, 12.245835679000038], [75.11963951900003, 12.23899974200009], [75.11394290500004, 12.230169989000046], [75.10547936300003, 12.221258856000077], [75.10613040500004, 12.233710028000075], [75.10474694100003, 12.24607982000009], [75.09864342500003, 12.269029039000088], [75.08285566500007, 12.305894273000092], [75.01840254000007, 12.414740302000041], [75.01099694100003, 12.43577708500004], [75.00993899800005, 12.443793036000045], [75.00660241000008, 12.44944896000004], [74.99935957100007, 12.454901434000078], [74.99203535200007, 12.461737372000073], [74.98878014400003, 12.471380927000041], [74.98536217500003, 12.491359768000052], [74.97673587300005, 12.507025458000044], [74.95525149800005, 12.537258205000057], [74.87964928500008, 12.725490627000056], [74.87012780000003, 12.742865302000041], [74.85572350400008, 12.759426174000055], [74.85425866000008, 12.765285549000055], [74.85474694100003, 12.78701406500005], [74.85230553500008, 12.797308661000045], [74.84400475400008, 12.808010158000059], [74.83497155000003, 12.815822658000059], [74.82764733200008, 12.824652411000045], [74.82496178500008, 12.83820221600007], [74.85141035200007, 12.825506903000075], [74.85914147200003, 12.824611721000053], [74.86695397200003, 12.830023505000042], [74.88111412900008, 12.848049221000053], [74.88982181100005, 12.85187409100007], [74.90113366000008, 12.85342031500005], [74.91749108200008, 12.85814036700009], [74.93287194100003, 12.866441148000092], [74.94092858200008, 12.878607489000046], [74.89478600400008, 12.871161200000074], [74.85059655000003, 12.857163804000038], [74.81755618600005, 12.861761786000045], [74.77027428500008, 13.052435614000046], [74.78337649800005, 13.084662177000041], [74.77409915500004, 13.093410549000055], [74.76921634200005, 13.099554755000042], [74.76295006600003, 13.118801174000055], [74.76189212300005, 13.143133856000077], [74.75977623800003, 13.155218817000048], [74.75294030000003, 13.16038646000004], [74.74878991000008, 13.170843817000048], [74.73780358200008, 13.221380927000041], [74.73340905000003, 13.26276276200008], [74.71509850400008, 13.33104075700004], [74.70720462300005, 13.34837474200009], [74.69613691500007, 13.36595286700009], [74.68946373800003, 13.38157786700009], [74.69459069100003, 13.393133856000077], [74.68751061300003, 13.410345770000049], [74.68336022200003, 13.44281647300005], [74.68091881600003, 13.468247789000088], [74.69076582100007, 13.439113674000055], [74.69369550900007, 13.415269273000092], [74.70826256600003, 13.413031317000048], [74.70191491000008, 13.420355536000045], [74.70240319100003, 13.442613023000092], [74.70142662900008, 13.461371161000045], [74.67709394600007, 13.526760158000059], [74.67798912900008, 13.54913971600007], [74.67139733200008, 13.603949286000045], [74.67351321700005, 13.619086005000042], [74.66993248800003, 13.622015692000048], [74.66797936300003, 13.625148830000057], [74.66716556100005, 13.628607489000046], [74.66667728000004, 13.632757880000042], [74.67286217500003, 13.62889232000009], [74.67709394600007, 13.63031647300005], [74.67969811300003, 13.636460679000038], [74.68091881600003, 13.646958726000037], [74.68718509200005, 13.646958726000037], [74.69678795700008, 13.640448309000078], [74.70997155000003, 13.640570380000042], [74.72380618600005, 13.64557526200008], [74.73560631600003, 13.653794664000088], [74.72055097700007, 13.652289130000042], [74.71290123800003, 13.656195380000042], [74.70142662900008, 13.67373281500005], [74.68832441500007, 13.685939846000053], [74.68897545700008, 13.69086334800005], [74.70142662900008, 13.69476959800005], [74.68775475400008, 13.711818752000056], [74.67603600400008, 13.70107656500005], [74.66049238400007, 13.66006094000005], [74.64698326900003, 13.692084052000041], [74.62305748800003, 13.77415599200009], [74.61459394600007, 13.835516669000071], [74.59595787900008, 13.871486721000053], [74.58399498800003, 13.903876044000071], [74.55079186300003, 13.945502020000049], [74.53638756600003, 13.969875393000052], [74.50473066500007, 14.010239976000037], [74.49537194100003, 14.030585028000075], [74.49480228000004, 14.040716864000046], [74.49626712300005, 14.06150950700004], [74.49537194100003, 14.071519273000092], [74.49138431100005, 14.080633856000077], [74.47917728000004, 14.095648505000042], [74.47486412900008, 14.10569896000004], [74.47315514400003, 14.161688544000071], [74.46745853000004, 14.181382554000038], [74.43873131600003, 14.220119533000059], [74.42904707100007, 14.240423895000049], [74.43336022200003, 14.263373114000046], [74.44703209700003, 14.253973700000074], [74.47103925900007, 14.24868398600006], [74.49496504000007, 14.247463283000059], [74.50896243600005, 14.25031159100007], [74.50001061300003, 14.257961330000057], [74.43637129000007, 14.279689846000053], [74.42774498800003, 14.28384023600006], [74.41537519600007, 14.30109284100007], [74.41260826900003, 14.34479401200008], [74.40357506600003, 14.362982489000046], [74.39698326900003, 14.372748114000046], [74.39437910200007, 14.384914455000057], [74.39421634200005, 14.41079336100006], [74.39185631600003, 14.41901276200008], [74.38672936300003, 14.424221096000053], [74.38160241000008, 14.431219794000071], [74.37427819100003, 14.467271226000037], [74.35385175900007, 14.505072333000044], [74.35189863400007, 14.530218817000048], [74.36703535200007, 14.51235586100006], [74.37745201900003, 14.48460521000004], [74.38884524800005, 14.462713934000078], [74.40723717500003, 14.46198151200008], [74.39763431100005, 14.475409247000073], [74.40113366000008, 14.479722398000092], [74.42774498800003, 14.476263739000046], [74.38542728000004, 14.524115302000041], [74.37240644600007, 14.530218817000048], [74.37468509200005, 14.533758856000077], [74.37712649800005, 14.54100169500009], [74.37924238400007, 14.544582424000055], [74.36833743600005, 14.549709377000056], [74.36410566500007, 14.54913971600007], [74.35873457100007, 14.544582424000055], [74.35547936300003, 14.557074286000045], [74.35580488400007, 14.56240469000005], [74.35873457100007, 14.571234442000048], [74.34294681100005, 14.563666083000044], [74.34099368600005, 14.551174221000053], [74.34294681100005, 14.536851304000038], [74.33904056100005, 14.523993231000077], [74.32488040500004, 14.517238674000055], [74.30982506600003, 14.51943594000005], [74.30054772200003, 14.527411200000074], [74.30355879000007, 14.537665106000077], [74.29590905000003, 14.565008856000077], [74.29517662900008, 14.587307033000059], [74.30738366000008, 14.60187409100007], [74.33904056100005, 14.605943101000037], [74.33904056100005, 14.612779039000088], [74.32390384200005, 14.61859772300005], [74.31226647200003, 14.61546458500004], [74.30111738400007, 14.609320380000042], [74.28711998800003, 14.605943101000037], [74.27588951900003, 14.610174872000073], [74.26807701900003, 14.619940497000073], [74.26685631600003, 14.631293036000045], [74.27621504000007, 14.64008209800005], [74.26921634200005, 14.65892161700009], [74.26319420700008, 14.701605536000045], [74.25294030000003, 14.718939520000049], [74.23406009200005, 14.734076239000046], [74.22046959700003, 14.738104559000078], [74.20875084700003, 14.731838283000059], [74.19434655000003, 14.71580638200004], [74.18067467500003, 14.74217357000009], [74.17383873800003, 14.749945380000042], [74.16944420700008, 14.750881252000056], [74.15772545700008, 14.748968817000048], [74.15333092500003, 14.749945380000042], [74.14649498800003, 14.761867580000057], [74.14584394600007, 14.763617255000042], [74.11133873800003, 14.78034088700008], [74.09644616000008, 14.793361721000053], [74.09131920700008, 14.811428127000056], [74.10914147200003, 14.80263906500005], [74.11402428500008, 14.808417059000078], [74.11426842500003, 14.82094961100006], [74.11866295700008, 14.831854559000078], [74.12875410200007, 14.837469794000071], [74.14047285200007, 14.838771877000056], [74.15154056100005, 14.835109768000052], [74.15951582100007, 14.825669664000088], [74.16968834700003, 14.84446849200009], [74.17896569100003, 14.856268622000073], [74.19068444100003, 14.863104559000078], [74.20801842500003, 14.86664459800005], [74.21810957100007, 14.865383205000057], [74.22689863400007, 14.86273834800005], [74.23308353000004, 14.864569403000075], [74.23519941500007, 14.876532294000071], [74.23072350400008, 14.880113023000092], [74.22087649800005, 14.882066148000092], [74.21119225400008, 14.88735586100006], [74.20801842500003, 14.900824286000045], [74.19752037900008, 14.89085521000004], [74.16618899800005, 14.876532294000071], [74.15951582100007, 14.86977773600006], [74.15406334700003, 14.862127997000073], [74.14087975400008, 14.852687893000052], [74.12501061300003, 14.845851955000057], [74.11182701900003, 14.846177476000037], [74.10303795700008, 14.856919664000088], [74.09115644600007, 14.887600002000056], [74.08106530000003, 14.89398834800005], [74.07715905000003, 14.898382880000042], [74.03598066500007, 14.921291408000059], [74.03028405000003, 14.935207424000055], [74.03101647200003, 14.949774481000077], [74.03598066500007, 14.979641018000052], [74.03126061300003, 14.995306708000044], [74.02019290500004, 15.001776434000078], [74.00684655000003, 15.00486888200004], [73.99577884200005, 15.010687567000048], [73.97299238400007, 15.05687083500004], [73.96436608200008, 15.064642645000049], [73.91309655000003, 15.078924872000073], [73.92253665500004, 15.107855536000045], [73.92896569100003, 15.120591539000088], [73.93702233200008, 15.130438544000071], [73.95826256600003, 15.143133856000077], [73.96216881600003, 15.152044989000046], [73.95411217500003, 15.16828034100007], [73.94727623800003, 15.160834052000041], [73.89128665500004, 15.34320709800005], [73.88257897200003, 15.355292059000078], [73.86947675900007, 15.359564520000049], [73.84839928500008, 15.36009349200009], [73.82740319100003, 15.365179755000042], [73.81039472700007, 15.37759023600006], [73.78288821700005, 15.407904364000046], [73.83936608200008, 15.404038804000038], [73.84839928500008, 15.404486395000049], [73.86011803500008, 15.407863674000055], [73.87191816500007, 15.401841539000088], [73.88493899800005, 15.398016669000071], [73.89958743600005, 15.407904364000046], [73.93336022200003, 15.395412502000056], [73.94532311300003, 15.385687567000048], [73.95411217500003, 15.36627838700008], [73.95850670700008, 15.36717357000009], [73.96168053500008, 15.36823151200008], [73.96420332100007, 15.37018463700008], [73.96778405000003, 15.37376536700009], [73.95997155000003, 15.380682684000078], [73.93702233200008, 15.411322333000044], [73.92758222700007, 15.417385158000059], [73.88591556100005, 15.435207424000055], [73.87916100400008, 15.43577708500004], [73.86508222700007, 15.43431224200009], [73.85857181100005, 15.435207424000055], [73.85417728000004, 15.438299872000073], [73.84685306100005, 15.447088934000078], [73.84156334700003, 15.448879299000055], [73.80616295700008, 15.45221588700008], [73.79639733200008, 15.448879299000055], [73.79517662900008, 15.460760809000078], [73.80046634200005, 15.475002346000053], [73.80884850400008, 15.488023179000038], [73.81755618600005, 15.496649481000077], [73.82813561300003, 15.50141022300005], [73.87224368600005, 15.510931708000044], [73.86312910200007, 15.51634349200009], [73.85954837300005, 15.521144924000055], [73.86052493600005, 15.525864976000037], [73.86597741000008, 15.531398830000057], [73.86597741000008, 15.537583726000037], [73.79639733200008, 15.500392971000053], [73.78638756600003, 15.49217357000009], [73.76628665500004, 15.497259833000044], [73.75123131600003, 15.51312897300005], [73.75611412900008, 15.537583726000037], [73.74122155000003, 15.559963283000059], [73.73682701900003, 15.57172272300005], [73.73511803500008, 15.586004950000074], [73.73707116000008, 15.598537502000056], [73.74170983200008, 15.604193427000041], [73.74659264400003, 15.60838450700004], [73.74870853000004, 15.616766669000071], [73.76042728000004, 15.632025458000044], [73.78736412900008, 15.641791083000044], [73.83814537900008, 15.65428294500009], [73.83814537900008, 15.66111888200004], [73.80103600400008, 15.661851304000038], [73.78386478000004, 15.659125067000048], [73.77662194100003, 15.650864976000037], [73.76823978000004, 15.646918036000045], [73.73324629000007, 15.625067450000074], [73.72828209700003, 15.619574286000045], [73.71827233200008, 15.627142645000049], [73.70704186300003, 15.643703518000052], [73.69792728000004, 15.66282786700009], [73.69076582100007, 15.693793036000045], [73.68588300900007, 15.704291083000044], [73.68677819100003, 15.71312083500004], [73.70085696700005, 15.723211981000077], [73.68987063900005, 15.72447337400007], [73.67237389400003, 15.726507880000042], [73.65601647200003, 15.730292059000078], [73.64625084700003, 15.736883856000077], [73.64356530000003, 15.74909088700008], [73.64625084700003, 15.792141018000052], [73.63884524800005, 15.817206122000073], [73.60466556100005, 15.88084544500009], [73.58757571700005, 15.902899481000077], [73.52898196700005, 15.949164130000042], [73.51010175900007, 15.967596747000073], [73.49097741000008, 15.993475653000075], [73.48731530000003, 16.014227606000077], [73.51596113400007, 16.017401434000078], [73.51596113400007, 16.02484772300005], [73.49927819100003, 16.024318752000056], [73.48389733200008, 16.028225002000056], [73.47250410200007, 16.036363023000092], [73.46810957100007, 16.048488674000055], [73.46485436300003, 16.051662502000056], [73.45753014400003, 16.05418528900009], [73.45036868600005, 16.05890534100007], [73.44703209700003, 16.068915106000077], [73.45297285200007, 16.074164130000042], [73.45753014400003, 16.07953522300005], [73.46070397200003, 16.086330471000053], [73.46070397200003, 16.144680080000057], [73.46338951900003, 16.15957265800006], [73.47022545700008, 16.168890692000048], [73.47925866000008, 16.17723216400009], [73.48796634200005, 16.18935781500005], [73.46501712300005, 16.18227773600006], [73.45281009200005, 16.166571356000077], [73.44800866000008, 16.14329661700009], [73.44703209700003, 16.11359284100007], [73.44019616000008, 16.16201406500005], [73.44019616000008, 16.202337958000044], [73.43523196700005, 16.21784088700008], [73.43083743600005, 16.21873607000009], [73.42595462300005, 16.21515534100007], [73.41968834700003, 16.21670156500005], [73.41358483200008, 16.223944403000075], [73.41041100400008, 16.23045482000009], [73.40609785200007, 16.250799872000073], [73.37867272200003, 16.33270905200004], [73.37777754000007, 16.337958075000074], [73.37867272200003, 16.35691966400009], [73.37566165500004, 16.360256252000056], [73.35824629000007, 16.36749909100007], [73.35938561300003, 16.380601304000038], [73.36443118600005, 16.38930898600006], [73.37305748800003, 16.395656643000052], [73.38493899800005, 16.401597398000092], [73.36744225400008, 16.408636786000045], [73.35206139400003, 16.418117580000057], [73.34131920700008, 16.432074286000045], [73.33399498800003, 16.46816640800006], [73.31918379000007, 16.50975169500009], [73.31381269600007, 16.51829661700009], [73.30583743600005, 16.522650458000044], [73.30298912900008, 16.533026434000078], [73.30372155000003, 16.555568752000056], [73.30730228000004, 16.56317780200004], [73.31495201900003, 16.55760325700004], [73.32195071700005, 16.548488674000055], [73.32349694100003, 16.544989325000074], [73.34400475400008, 16.523586330000057], [73.35572350400008, 16.51943594000005], [73.37867272200003, 16.51829661700009], [73.36947675900007, 16.52147044500009], [73.36231530000003, 16.525458075000074], [73.35621178500008, 16.53074778900009], [73.35084069100003, 16.53815338700008], [73.35434004000007, 16.54315827000005], [73.36500084700003, 16.554388739000046], [73.37126712300005, 16.55927155200004], [73.35401451900003, 16.55963776200008], [73.33643639400003, 16.565619208000044], [73.32276451900003, 16.57615794500009], [73.31723066500007, 16.590277411000045], [73.31609134200005, 16.59829336100006], [73.31462649800005, 16.599432684000078], [73.31609134200005, 16.600043036000045], [73.32349694100003, 16.60643138200004], [73.32699629000007, 16.607123114000046], [73.35824629000007, 16.62067291900007], [73.35840905000003, 16.603949286000045], [73.36304772200003, 16.596828518000052], [73.36866295700008, 16.59902578300006], [73.37126712300005, 16.610174872000073], [73.36646569100003, 16.628078518000052], [73.35425866000008, 16.63467031500005], [73.33887780000003, 16.631659247000073], [73.32349694100003, 16.62067291900007], [73.31218509200005, 16.64472077000005], [73.31055748800003, 16.65143463700008], [73.31251061300003, 16.65839264500005], [73.32146243600005, 16.670843817000048], [73.32349694100003, 16.67910390800006], [73.32162519600007, 16.69245026200008], [73.31657962300005, 16.69989655200004], [73.30030358200008, 16.71320221600007], [73.28956139400003, 16.74022044500009], [73.29525800900007, 16.768052476000037], [73.30445397200003, 16.793524481000077], [73.30372155000003, 16.81313711100006], [73.29688561300003, 16.80565013200004], [73.28663170700008, 16.820868231000077], [73.27466881600003, 16.848822333000044], [73.26937910200007, 16.87563711100006], [73.27955162900008, 16.887640692000048], [73.27906334700003, 16.891913153000075], [73.26937910200007, 16.92918528900009], [73.27051842500003, 16.945013739000046], [73.27491295700008, 16.958644924000055], [73.28939863400007, 16.98383209800005], [73.26238040500004, 16.996975002000056], [73.25456790500004, 17.006740627000056], [73.26270592500003, 17.01854075700004], [73.25123131600003, 17.032171942000048], [73.25147545700008, 17.04242584800005], [73.25896243600005, 17.044094143000052], [73.26937910200007, 17.031642971000053], [73.27735436300003, 17.05467357000009], [73.27572675900007, 17.078599351000037], [73.26742597700007, 17.101385809000078], [73.25513756600003, 17.12099844000005], [73.26197350400008, 17.13495514500005], [73.26059004000007, 17.150539455000057], [73.25513756600003, 17.165187893000052], [73.23617597700007, 17.19920482000009], [73.23601321700005, 17.22060781500005], [73.21802819100003, 17.253241278000075], [73.21485436300003, 17.268744208000044], [73.21119225400008, 17.275091864000046], [73.19312584700003, 17.29401276200008], [73.18702233200008, 17.305975653000075], [73.20346113400007, 17.29873281500005], [73.21713300900007, 17.286851304000038], [73.23121178500008, 17.27928294500009], [73.24903405000003, 17.284857489000046], [73.23471113400007, 17.30231354400007], [73.20736738400007, 17.35374583500004], [73.19597415500004, 17.36937083500004], [73.17058353000004, 17.38971588700008], [73.16651451900003, 17.402167059000078], [73.16529381600003, 17.413031317000048], [73.17709394600007, 17.426662502000056], [73.18539472700007, 17.441880601000037], [73.17335045700008, 17.457424221000053], [73.18067467500003, 17.477687893000052], [73.16553795700008, 17.50340403900009], [73.13168379000007, 17.53937409100007], [73.12598717500003, 17.55654531500005], [73.12794030000003, 17.56468333500004], [73.13640384200005, 17.567206122000073], [73.14942467500003, 17.567287502000056], [73.16342207100007, 17.569484768000052], [73.20069420700008, 17.586493231000077], [73.18588300900007, 17.59251536700009], [73.15406334700003, 17.59560781500005], [73.13917076900003, 17.600775458000044], [73.12818444100003, 17.61155833500004], [73.12134850400008, 17.62641022300005], [73.12029056100005, 17.64203522300005], [73.12614993600005, 17.655422268000052], [73.11890709700003, 17.66347890800006], [73.11052493600005, 17.675726630000042], [73.10547936300003, 17.68891022300005], [73.10816491000008, 17.699774481000077], [73.11736087300005, 17.71124909100007], [73.12322024800005, 17.72333405200004], [73.12330162900008, 17.73578522300005], [73.11500084700003, 17.748195705000057], [73.10987389400003, 17.758286851000037], [73.10661868600005, 17.785549221000053], [73.10132897200003, 17.79633209800005], [73.08545983200008, 17.813666083000044], [73.07943769600007, 17.824611721000053], [73.07374108200008, 17.857123114000046], [73.06519616000008, 17.87836334800005], [73.01856530000003, 17.951727606000077], [73.01710045700008, 17.97211334800005], [73.03541100400008, 17.991848049000055], [73.01889082100007, 17.99249909100007], [73.00863691500007, 18.00023021000004], [73.00521894600007, 18.01235586100006], [73.00879967500003, 18.025946356000077], [73.01954186300003, 18.03587474200009], [73.03248131600003, 18.041083075000074], [73.04224694100003, 18.048976955000057], [73.04346764400003, 18.066961981000077], [73.03199303500008, 18.06391022300005], [73.02271569100003, 18.05768463700008], [73.01514733200008, 18.04913971600007], [73.00879967500003, 18.039007880000042], [73.00114993600005, 18.052069403000075], [72.98731530000003, 18.066555080000057], [72.98096764400003, 18.080552476000037], [72.98316491000008, 18.081732489000046], [72.98666425900007, 18.087713934000078], [72.98812910200007, 18.09601471600007], [72.98462975400008, 18.10419342700004], [72.97836347700007, 18.111883856000077], [72.97608483200008, 18.11863841400009], [72.96729576900003, 18.19599030200004], [72.95484459700003, 18.21751536700009], [72.92693118600005, 18.223944403000075], [72.93523196700005, 18.24477773600006], [72.93995201900003, 18.251288153000075], [72.93482506600003, 18.257879950000074], [72.93327884200005, 18.26658763200004], [72.93506920700008, 18.276312567000048], [72.93995201900003, 18.286037502000056], [72.95313561300003, 18.281317450000074], [72.95753014400003, 18.274603583000044], [72.95923912900008, 18.26585521000004], [72.96452884200005, 18.25495026200008], [72.97266686300003, 18.244696356000077], [72.97673587300005, 18.242580471000053], [72.98226972700007, 18.244208075000074], [72.99512780000003, 18.245062567000048], [73.01246178500008, 18.24315013200004], [73.03239993600005, 18.23786041900007], [73.05095462300005, 18.227484442000048], [73.06348717500003, 18.21035390800006], [73.04761803500008, 18.20115794500009], [73.04761803500008, 18.188788153000075], [73.05746504000007, 18.185614325000074], [73.07154381600003, 18.20408763200004], [73.07398522200003, 18.22418854400007], [73.06527754000007, 18.257554429000038], [73.07154381600003, 18.27301666900007], [73.05697675900007, 18.280951239000046], [73.04297936300003, 18.282375393000052], [73.01246178500008, 18.27920156500005], [72.99488366000008, 18.283596096000053], [72.97738691500007, 18.295070705000057], [72.96802819100003, 18.310614325000074], [72.97478274800005, 18.32758209800005], [72.95875084700003, 18.32811107000009], [72.95085696700005, 18.332953192000048], [72.93360436300003, 18.35492584800005], [72.92790774800005, 18.357570705000057], [72.92253665500004, 18.356634833000044], [72.91732832100007, 18.356390692000048], [72.91260826900003, 18.361151434000078], [72.90984134200005, 18.368068752000056], [72.91016686300003, 18.37250397300005], [72.91163170700008, 18.377346096000053], [72.91260826900003, 18.385646877000056], [72.91016686300003, 18.399237372000073], [72.90430748800003, 18.40851471600007], [72.89722741000008, 18.417303778000075], [72.89144941500007, 18.429388739000046], [72.88965905000003, 18.44131094000005], [72.89144941500007, 18.480902411000045], [72.89576256600003, 18.50299713700008], [72.90723717500003, 18.523586330000057], [72.92465254000007, 18.535630601000037], [72.94678795700008, 18.532416083000044], [72.96111087300005, 18.517726955000057], [72.99024498800003, 18.469956773000092], [73.00879967500003, 18.450506903000075], [73.01498457100007, 18.469956773000092], [73.00440514400003, 18.48004791900007], [72.98878014400003, 18.489935614000046], [72.98096764400003, 18.50885651200008], [72.97787519600007, 18.52411530200004], [72.97038821700005, 18.54100169500009], [72.96029707100007, 18.55467357000009], [72.95020592500003, 18.560370184000078], [72.92115319100003, 18.55487702000005], [72.91016686300003, 18.558986721000053], [72.90577233200008, 18.57713450700004], [72.88217207100007, 18.63548411700009], [72.86451256600003, 18.648911851000037], [72.85531660200007, 18.68113841400009], [72.85173587300005, 18.719671942000048], [72.85238691500007, 18.769924221000053], [72.85694420700008, 18.78620026200008], [72.86557050900007, 18.799383856000077], [72.87916100400008, 18.80735911700009], [72.88705488400007, 18.807033596000053], [72.90202884200005, 18.79950592700004], [72.91260826900003, 18.799994208000044], [72.92693118600005, 18.826646226000037], [72.93897545700008, 18.816961981000077], [72.97478274800005, 18.77948639500005], [72.96631920700008, 18.761419989000046], [72.96957441500007, 18.746975002000056], [72.98064212300005, 18.736761786000045], [72.99512780000003, 18.731024481000077], [72.98804772200003, 18.753851630000042], [72.99170983200008, 18.779364325000074], [73.00245201900003, 18.80145905200004], [73.01628665500004, 18.813625393000052], [72.98796634200005, 18.82493724200009], [72.98129316500007, 18.83270905200004], [72.97478274800005, 18.84833405200004], [72.97608483200008, 18.854396877000056], [72.97974694100003, 18.863348700000074], [72.98170006600003, 18.871486721000053], [72.97779381600003, 18.87498607000009], [72.97217858200008, 18.874253648000035], [72.96697024800005, 18.87213776200008], [72.96314537900008, 18.868963934000078], [72.96168053500008, 18.86513906500005], [72.94613691500007, 18.858303127000056], [72.91627037900008, 18.87051015800006], [72.89682050900007, 18.894476630000042], [72.91260826900003, 18.923488674000055], [72.92807050900007, 18.911363023000035], [72.93458092500003, 18.920803127000056], [72.93677819100003, 18.947414455000057], [72.94922936300003, 18.95148346600007], [72.96338951900003, 18.94798411700009], [72.97722415500004, 18.948431708000044], [72.98829186300003, 18.96442291900007], [72.95362389400003, 18.96442291900007], [72.95362389400003, 18.971258856000077], [72.96827233200008, 18.972601630000042], [72.99203535200007, 18.982489325000074], [73.04216556100005, 18.995754299000055], [73.04664147200003, 18.99518463700008], [73.05681399800005, 19.015326239000046], [73.03980553500008, 19.017523505000042], [73.01189212300005, 19.009426174000055], [72.98829186300003, 18.998602606000077], [72.98357181100005, 19.01044342700004], [72.98780358200008, 19.036932684000078], [72.98096764400003, 19.04637278900009], [72.99187259200005, 19.067206122000073], [72.98568769600007, 19.074286200000074], [72.97380618600005, 19.078558661000045], [72.96729576900003, 19.091009833000044], [72.97478274800005, 19.16307200700004], [72.96729576900003, 19.16307200700004], [72.95004316500007, 19.12791575700004], [72.93555748800003, 19.115057684000078], [72.93392988400007, 19.08030833500004], [72.92693118600005, 19.066839911000045], [72.94336998800003, 19.055121161000045], [72.93425540500004, 19.034084377000056], [72.89144941500007, 18.99176666900007], [72.89144941500007, 19.00136953300006], [72.88526451900003, 19.025864976000037], [72.86931399800005, 19.011419989000046], [72.85108483200008, 18.987127997000073], [72.83627363400007, 18.959133205000057], [72.82764733200008, 18.918361721000053], [72.82129967500003, 18.90330638200004], [72.81251061300003, 18.89744700700004], [72.80274498800003, 18.909816799000055], [72.80201256600003, 18.920477606000077], [72.80534915500004, 18.930975653000075], [72.80738366000008, 18.94281647300005], [72.80274498800003, 18.957586981000077], [72.79590905000003, 18.957586981000077], [72.79232832100007, 18.951239325000074], [72.78825931100005, 18.946519273000035], [72.77540123800003, 18.93650950700004], [72.77035566500007, 18.948187567000048], [72.77605228000004, 18.95970286700009], [72.79590905000003, 18.984930731000077], [72.80241946700005, 18.999660549000055], [72.80494225400008, 19.011053778000075], [72.80274498800003, 19.040187893000052], [72.81299889400003, 19.035549221000053], [72.81706790500004, 19.03270091400009], [72.82178795700008, 19.04197825700004], [72.82422936300003, 19.053534247000073], [72.82129967500003, 19.06317780200004], [72.80958092500003, 19.066839911000045], [72.82195071700005, 19.09711334800005], [72.82309004000007, 19.10846588700008], [72.82105553500008, 19.119208075000074], [72.81177819100003, 19.13735586100006], [72.80958092500003, 19.146307684000078], [72.81218509200005, 19.15371328300006], [72.82243899800005, 19.163763739000046], [72.82309004000007, 19.169256903000075], [72.81804446700005, 19.17536041900007], [72.81120853000004, 19.175523179000038], [72.80518639400003, 19.171820380000042], [72.79957116000008, 19.15688711100006], [72.79216556100005, 19.150458075000074], [72.78492272200003, 19.15037669500009], [72.78158613400007, 19.15965403900009], [72.78337649800005, 19.16864655200004], [72.80250084700003, 19.21161530200004], [72.81983483200008, 19.240627346000053], [72.83008873800003, 19.252427476000037], [72.81511478000004, 19.253648179000038], [72.80209394600007, 19.23786041900007], [72.78939863400007, 19.217352606000077], [72.77540123800003, 19.20465729400007], [72.77222741000008, 19.26512278900009], [72.77564537900008, 19.29901764500005], [72.78541100400008, 19.31391022300005], [72.83936608200008, 19.31907786700009], [72.86703535200007, 19.316799221000053], [72.88550866000008, 19.296047268000052], [72.90056399800005, 19.290757554000038], [72.93034915500004, 19.28656647300005], [72.94654381600003, 19.289862372000073], [72.95972741000008, 19.29482656500005], [72.97266686300003, 19.29368724200009], [72.98829186300003, 19.279120184000078], [73.01050866000008, 19.224310614000046], [73.02662194100003, 19.205511786000045], [73.04965254000007, 19.217718817000048], [73.03003991000008, 19.227728583000044], [73.02800540500004, 19.244086005000042], [73.02914472700007, 19.25934479400007], [73.01929772200003, 19.266058661000045], [73.01246178500008, 19.27244700700004], [73.00180097700007, 19.28656647300005], [72.98780358200008, 19.30068594000005], [72.97095787900008, 19.307033596000053], [72.91675866000008, 19.30337148600006], [72.89893639400003, 19.307033596000053], [72.88355553500008, 19.31639232000009], [72.85531660200007, 19.339504299000055], [72.83692467500003, 19.348049221000053], [72.81853274800005, 19.33026764500005], [72.80209394600007, 19.33193594000005], [72.78760826900003, 19.34520091400009], [72.76343834700003, 19.380194403000075], [72.75977623800003, 19.38898346600007], [72.74822024800005, 19.444240627000056], [72.74683678500008, 19.467962958000044], [72.75440514400003, 19.481756903000075], [72.76921634200005, 19.49046458500004], [72.87916100400008, 19.532375393000052], [72.85670006600003, 19.54132721600007], [72.83594811300003, 19.53668854400007], [72.81592858200008, 19.528509833000044], [72.79590905000003, 19.52680084800005], [72.78785241000008, 19.53025950700004], [72.78126061300003, 19.53656647300005], [72.77702884200005, 19.54555898600006], [72.77540123800003, 19.557196356000077], [72.77068118600005, 19.566148179000038], [72.76002037900008, 19.573065497000073], [72.74195397200003, 19.58079661700009], [72.73454837300005, 19.58079661700009], [72.73829186300003, 19.570257880000042], [72.74073326900003, 19.56073639500005], [72.73975670700008, 19.552679755000042], [72.73454837300005, 19.546616929000038], [72.74927819100003, 19.53424713700008], [72.75489342500003, 19.527044989000046], [72.75562584700003, 19.519354559000078], [72.74919681100005, 19.512600002000056], [72.74154707100007, 19.516017971000053], [72.72250410200007, 19.536281643000052], [72.71078535200007, 19.587591864000046], [72.71802819100003, 19.606675523000035], [72.70964603000004, 19.64996979400007], [72.68669681100005, 19.72479889500005], [72.69410241000008, 19.72020091400009], [72.69996178500008, 19.714178778000075], [72.70460045700008, 19.70652903900009], [72.70777428500008, 19.69745514500005], [72.72641035200007, 19.70579661700009], [72.72641035200007, 19.715236721000053], [72.71859785200007, 19.72793203300006], [72.71404056100005, 19.745835679000038], [72.71729576900003, 19.75153229400007], [72.72437584700003, 19.75267161700009], [72.73129316500007, 19.75458405200004], [72.73454837300005, 19.762640692000048], [72.73406009200005, 19.771918036000045], [72.73275800900007, 19.779730536000045], [72.72828209700003, 19.79364655200004], [72.69011478000004, 19.748968817000048], [72.67790774800005, 19.746568101000037], [72.67579186300003, 19.764146226000037], [72.67986087300005, 19.800482489000046], [72.67286217500003, 19.81281159100007], [72.65007571700005, 19.84198639500005], [72.64918053500008, 19.851996161000045], [72.65919030000003, 19.866441148000035], [72.66423587300005, 19.88157786700009], [72.66618899800005, 19.916571356000077], [72.66277103000004, 19.941799221000053], [72.66521243600005, 19.952948309000078], [72.67644290500004, 19.957505601000037], [72.68433678500008, 19.964016018000052], [72.69450931100005, 19.979315497000073], [72.70337975400008, 19.99762604400007], [72.70777428500008, 20.01276276200008], [72.70777428500008, 20.071112372000073], [72.71029707100007, 20.082912502000056], [72.72828209700003, 20.129461981000077], [72.73454837300005, 20.173529364000046], [72.73764082100007, 20.18427155200004], [72.75228925900007, 20.20376211100006], [72.75562584700003, 20.21515534100007], [72.75359134200005, 20.21820709800005], [72.74903405000003, 20.21832916900007], [72.74439537900008, 20.21938711100006], [72.74195397200003, 20.225043036000045], [72.74195397200003, 20.24555084800005], [72.74301191500007, 20.247748114000046], [72.74822024800005, 20.28034088700008], [72.75660241000008, 20.29596588700008], [72.76783287900008, 20.31195709800005], [72.77751712300005, 20.33006419500009], [72.78158613400007, 20.35228099200009], [72.78679446700005, 20.35224030200004], [72.79818769600007, 20.359320380000042], [72.81031334700003, 20.368841864000046], [72.81706790500004, 20.375921942000048], [72.82081139400003, 20.38613515800006], [72.82309004000007, 20.416815497000073], [72.82943769600007, 20.437933661000045], [72.84001712300005, 20.458726304000038], [72.87916100400008, 20.51243724200009], [72.88648522200003, 20.53156159100007], [72.89039147200003, 20.552679755000042], [72.89144941500007, 20.575140692000048], [72.89063561300003, 20.587062893000052], [72.88624108200008, 20.60846588700008], [72.88526451900003, 20.619208075000074], [72.88843834700003, 20.62848541900007], [72.90259850400008, 20.641913153000075], [72.90577233200008, 20.65330638200004], [72.90943444100003, 20.69867584800005], [72.90796959700003, 20.71832916900007], [72.89893639400003, 20.732163804000038], [72.94027754000007, 20.759426174000055], [72.94678795700008, 20.759466864000046], [72.94499759200005, 20.770005601000037], [72.93637129000007, 20.776271877000056], [72.92644290500004, 20.780991929000038], [72.91944420700008, 20.78742096600007], [72.91911868600005, 20.79559967700004], [72.92286217500003, 20.802679755000042], [72.92497806100005, 20.810614325000074], [72.91944420700008, 20.821519273000035], [72.90023847700007, 20.79913971600007], [72.88575280000003, 20.807114976000037], [72.88013756600003, 20.829901434000078], [72.88843834700003, 20.851955471000053], [72.90040123800003, 20.868109442000048], [72.89380944100003, 20.870062567000048], [72.88119550900007, 20.865668036000045], [72.87533613400007, 20.862494208000044], [72.83692467500003, 20.83584219000005], [72.84587649800005, 20.85179271000004], [72.85425866000008, 20.887152411000045], [72.86491946700005, 20.897284247000073], [72.83668053500008, 20.92991771000004], [72.85645592500003, 20.94798411700009], [72.88648522200003, 20.962103583000044], [72.88843834700003, 20.98261139500005], [72.87598717500003, 20.981350002000056], [72.85377037900008, 20.97492096600007], [72.83269290500004, 20.972357489000046], [72.82309004000007, 20.98261139500005], [72.82129967500003, 20.99160390800006], [72.81609134200005, 20.99900950700004], [72.80836022200003, 21.003973700000074], [72.79932701900003, 21.00584544500009], [72.78760826900003, 21.00690338700008], [72.78199303500008, 21.010158596000053], [72.77198326900003, 21.023871161000045], [72.76685631600003, 21.03856028900009], [72.78394616000008, 21.04043203300006], [72.82309004000007, 21.03384023600006], [72.84498131600003, 21.038316148000035], [72.84986412900008, 21.048000393000052], [72.81592858200008, 21.121486721000053], [72.80958092500003, 21.130031643000052], [72.79957116000008, 21.12881094000005], [72.75562584700003, 21.10956452000005], [72.75277754000007, 21.113714911000045], [72.74634850400008, 21.118353583000044], [72.74195397200003, 21.12323639500005], [72.73764082100007, 21.11737702000005], [72.73560631600003, 21.11074453300006], [72.73454837300005, 21.09247467700004], [72.73015384200005, 21.087836005000042], [72.70036868600005, 21.074774481000077], [72.70582116000008, 21.106350002000056], [72.72055097700007, 21.129706122000073], [72.72868899800005, 21.148098049000055], [72.71404056100005, 21.164129950000074], [72.70655358200008, 21.15770091400009], [72.68669681100005, 21.158148505000042], [72.67644290500004, 21.153631903000075], [72.67269941500007, 21.145738023000035], [72.67188561300003, 21.134426174000055], [72.67302493600005, 21.112616278000075], [72.67123457100007, 21.09979889500005], [72.66635175900007, 21.097398179000038], [72.65870201900003, 21.097601630000042], [72.63786868600005, 21.08539459800005], [72.62964928500008, 21.087958075000074], [72.61500084700003, 21.105861721000053], [72.61548912900008, 21.11981842700004], [72.63038170700008, 21.135972398000035], [72.69353274800005, 21.17845286700009], [72.71176191500007, 21.19403717700004], [72.72103925900007, 21.19879791900007], [72.73454837300005, 21.198919989000046], [72.72364342500003, 21.209133205000057], [72.68767337300005, 21.220445054000038], [72.67986087300005, 21.228989976000037], [72.67318769600007, 21.239081122000073], [72.65935306100005, 21.244696356000077], [72.64698326900003, 21.253607489000046], [72.64576256600003, 21.273382880000042], [72.62517337300005, 21.25934479400007], [72.61841881600003, 21.25291575700004], [72.60613040500004, 21.26658763200004], [72.60206139400003, 21.27765534100007], [72.59791100400008, 21.307562567000048], [72.58863366000008, 21.331976630000042], [72.58676191500007, 21.34121328300006], [72.59050540500004, 21.348537502000056], [72.60320071700005, 21.352728583000044], [72.63851972700007, 21.357163804000038], [72.64576256600003, 21.36277903900009], [72.63868248800003, 21.371242580000057], [72.62338300900007, 21.370266018000052], [72.59408613400007, 21.36277903900009], [72.57886803500008, 21.367010809000078], [72.56763756600003, 21.37641022300005], [72.56462649800005, 21.38580963700008], [72.57374108200008, 21.39008209800005], [72.63510175900007, 21.407456773000035], [72.67286217500003, 21.428127346000053], [72.67644290500004, 21.43162669500009], [72.72828209700003, 21.46580638200004], [72.74708092500003, 21.452866929000038], [72.75261478000004, 21.46356842700004], [72.74854576900003, 21.479641018000052], [72.73829186300003, 21.482855536000045], [72.68327884200005, 21.46580638200004], [72.66504967500003, 21.45722077000005], [72.61247806100005, 21.42186107000009], [72.58366946700005, 21.41742584800005], [72.58985436300003, 21.432766018000052], [72.61963951900003, 21.48737213700008], [72.63510175900007, 21.499335028000075], [72.65105228000004, 21.507025458000044], [72.69011478000004, 21.540676174000055], [72.70394941500007, 21.54840729400007], [72.72681725400008, 21.553168036000045], [72.75114993600005, 21.56513092700004], [72.77320397200003, 21.580511786000045], [72.78907311300003, 21.595526434000078], [72.81039472700007, 21.63507721600007], [72.82309004000007, 21.64394765800006], [72.83399498800003, 21.644476630000042], [72.85873457100007, 21.637600002000056], [72.87159264400003, 21.636542059000078], [72.88965905000003, 21.64052969000005], [72.93555748800003, 21.658351955000057], [72.96534264400003, 21.67877838700008], [73.02247155000003, 21.698553778000075], [73.08497155000003, 21.729681708000044], [73.10816491000008, 21.733343817000048], [73.11695397200003, 21.737250067000048], [73.12696373800003, 21.74677155200004], [73.13200931100005, 21.75779857000009], [73.12614993600005, 21.766831773000035], [73.11882571700005, 21.76471588700008], [73.08399498800003, 21.74640534100007], [73.04664147200003, 21.733343817000048], [73.04102623800003, 21.730169989000046], [73.02247155000003, 21.716009833000044], [73.01246178500008, 21.712836005000042], [72.99146569100003, 21.70844147300005], [72.95020592500003, 21.689154364000046], [72.92693118600005, 21.68496328300006], [72.88282311300003, 21.693019924000055], [72.85816491000008, 21.694973049000055], [72.84034264400003, 21.688381252000056], [72.81918379000007, 21.675034898000035], [72.79810631600003, 21.673529364000046], [72.75562584700003, 21.68496328300006], [72.73324629000007, 21.68748607000009], [72.67644290500004, 21.678127346000053], [72.65300540500004, 21.680568752000056], [72.63493899800005, 21.68463776200008], [72.61605879000007, 21.68545156500005], [72.57048587300005, 21.670477606000077], [72.55030358200008, 21.66669342700004], [72.53467858200008, 21.67291901200008], [72.52849368600005, 21.695135809000078], [72.53207441500007, 21.71385325700004], [72.55014082100007, 21.75193919500009], [72.55632571700005, 21.774318752000056], [72.56275475400008, 21.83942291900007], [72.56690514400003, 21.849351304000038], [72.58545983200008, 21.85887278900009], [72.59880618600005, 21.881008205000057], [72.61841881600003, 21.925116278000075], [72.63404381600003, 21.93748607000009], [72.65211022200003, 21.941066799000055], [72.69011478000004, 21.938788153000075], [72.70232181100005, 21.94757721600007], [72.70679772200003, 21.966131903000075], [72.71404056100005, 21.982977606000077], [72.73454837300005, 21.98655833500004], [72.73454837300005, 21.99404531500005], [72.72641035200007, 21.995754299000055], [72.71989993600005, 21.99632396000004], [72.71371504000007, 21.995794989000046], [72.70777428500008, 21.99404531500005], [72.70093834700003, 21.98891836100006], [72.69752037900008, 21.982123114000046], [72.69564863400007, 21.975897528000075], [72.69353274800005, 21.972316799000055], [72.62305748800003, 21.966620184000078], [72.61158287900008, 21.955511786000045], [72.60271243600005, 21.94358958500004], [72.58179772200003, 21.928168036000045], [72.55860436300003, 21.915269273000035], [72.54273522200003, 21.91083405200004], [72.53337649800005, 21.920314846000053], [72.50709069100003, 21.96230703300006], [72.50171959700003, 21.97601959800005], [72.50456790500004, 21.994208075000074], [72.51775149800005, 22.032131252000056], [72.52222741000008, 22.05426666900007], [72.52149498800003, 22.066148179000038], [72.51954186300003, 22.07754140800006], [72.51954186300003, 22.088446356000077], [72.53003991000008, 22.107489325000074], [72.53337649800005, 22.11855703300006], [72.53589928500008, 22.14052969000005], [72.54216556100005, 22.156724351000037], [72.55738366000008, 22.176662502000056], [72.57545006600003, 22.194525458000044], [72.59050540500004, 22.205023505000042], [72.61410566500007, 22.211737372000073], [72.63445071700005, 22.21039459800005], [72.65235436300003, 22.202337958000044], [72.66960696700005, 22.18891022300005], [72.68189537900008, 22.181586005000042], [72.69166100400008, 22.18195221600007], [72.69971764400003, 22.18496328300006], [72.70777428500008, 22.18577708500004], [72.71941165500004, 22.182196356000077], [72.72925866000008, 22.177435614000046], [72.74822024800005, 22.16404857000009], [72.79021243600005, 22.217230536000045], [72.81226647200003, 22.234116929000038], [72.84742272200003, 22.24042389500005], [72.86508222700007, 22.23346588700008], [72.88111412900008, 22.220404364000046], [72.89722741000008, 22.213039455000057], [72.91602623800003, 22.223089911000045], [72.92212975400008, 22.23651764500005], [72.92269941500007, 22.25458405200004], [72.91749108200008, 22.271429755000042], [72.90577233200008, 22.281398830000057], [72.89966881600003, 22.269191799000055], [72.88607832100007, 22.26239655200004], [72.86947675900007, 22.26239655200004], [72.85425866000008, 22.270819403000075], [72.83863366000008, 22.276556708000044], [72.81820722700007, 22.27342357000009], [72.79867597700007, 22.265570380000042], [72.78541100400008, 22.25690338700008], [72.75660241000008, 22.24371979400007], [72.72657311300003, 22.248928127000056], [72.65943444100003, 22.273911851000037], [72.64649498800003, 22.273911851000037], [72.63526451900003, 22.271633205000057], [72.62501061300003, 22.27138906500005], [72.60661868600005, 22.28384023600006], [72.59636478000004, 22.286932684000078], [72.57374108200008, 22.288234768000052], [72.55307050900007, 22.282456773000035], [72.52116946700005, 22.253119208000044], [72.50171959700003, 22.24042389500005], [72.47901451900003, 22.23338450700004], [72.46615644600007, 22.232570705000057], [72.45704186300003, 22.236721096000053], [72.45484459700003, 22.245306708000044], [72.46697024800005, 22.25584544500009], [72.46387780000003, 22.26398346600007], [72.44874108200008, 22.266831773000035], [72.43230228000004, 22.25584544500009], [72.41374759200005, 22.24632396000004], [72.39185631600003, 22.25348541900007], [72.38624108200008, 22.266506252000056], [72.38103274800005, 22.289943752000056], [72.38038170700008, 22.31240469000005], [72.38819420700008, 22.322333075000074], [72.40495853000004, 22.332953192000048], [72.40805097700007, 22.353461005000042], [72.39722741000008, 22.36676666900007], [72.37134850400008, 22.355902411000045], [72.36101321700005, 22.343451239000046], [72.34961998800003, 22.324367580000057], [72.34050540500004, 22.303208726000037], [72.33659915500004, 22.284816799000055], [72.32829837300005, 22.26072825700004], [72.30909264400003, 22.25722890800006], [72.28834069100003, 22.26129791900007], [72.27515709700003, 22.260321356000077], [72.26319420700008, 22.27635325700004], [72.26596113400007, 22.28733958500004], [72.26465905000003, 22.29523346600007], [72.24040774800005, 22.301906643000052], [72.22339928500008, 22.303168036000045], [72.20850670700008, 22.300441799000055], [72.20093834700003, 22.291449286000045], [72.20630944100003, 22.273911851000037], [72.16179446700005, 22.280951239000046], [72.14877363400007, 22.277899481000077], [72.16602623800003, 22.260321356000077], [72.19068444100003, 22.251288153000075], [72.20923912900008, 22.259426174000055], [72.24040774800005, 22.288234768000052], [72.24610436300003, 22.27558014500005], [72.24317467500003, 22.26593659100007], [72.23731530000003, 22.256293036000045], [72.23414147200003, 22.24355703300006], [72.23910566500007, 22.23891836100006], [72.26832116000008, 22.22675202000005], [72.30648847700007, 22.22955963700008], [72.31723066500007, 22.184881903000075], [72.30762780000003, 22.079006252000056], [72.29802493600005, 22.061672268000052], [72.29566491000008, 22.051174221000053], [72.29175866000008, 22.05341217700004], [72.28345787900008, 22.04360586100006], [72.27613366000008, 22.031642971000053], [72.27515709700003, 22.02753327000005], [72.25766035200007, 22.012152411000045], [72.24935957100007, 22.008286851000037], [72.23731530000003, 22.007025458000044], [72.22095787900008, 22.010972398000035], [72.21648196700005, 22.00779857000009], [72.21436608200008, 21.99404531500005], [72.20630944100003, 21.99404531500005], [72.19988040500004, 22.006984768000052], [72.19516035200007, 22.003648179000038], [72.19117272200003, 21.99363841400009], [72.18637129000007, 21.98655833500004], [72.18246504000007, 21.98273346600007], [72.17310631600003, 21.97565338700008], [72.16342207100007, 21.973211981000077], [72.15919030000003, 21.98314036700009], [72.15170332100007, 21.993882554000038], [72.13428795700008, 22.00458405200004], [72.11378014400003, 22.010565497000073], [72.09701582100007, 22.007025458000044], [72.11931399800005, 21.99363841400009], [72.12810306100005, 21.983547268000052], [72.12484785200007, 21.972316799000055], [72.11491946700005, 21.96938711100006], [72.07650800900007, 21.979722398000035], [72.08253014400003, 21.97337474200009], [72.10450280000003, 21.95921458500004], [72.10482832100007, 21.95148346600007], [72.10206139400003, 21.945054429000038], [72.09620201900003, 21.943019924000055], [72.08741295700008, 21.948431708000044], [72.07325280000003, 21.95449453300006], [72.05518639400003, 21.953517971000053], [72.03842207100007, 21.94757721600007], [72.02865644600007, 21.938788153000075], [72.08757571700005, 21.919663804000038], [72.10450280000003, 21.917669989000046], [72.14210045700008, 21.924994208000044], [72.15650475400008, 21.925848700000074], [72.14535566500007, 21.917669989000046], [72.14535566500007, 21.91083405200004], [72.15919030000003, 21.90460846600007], [72.15235436300003, 21.89785390800006], [72.16976972700007, 21.890448309000078], [72.16732832100007, 21.87913646000004], [72.16000410200007, 21.86591217700004], [72.16260826900003, 21.852850653000075], [72.16944420700008, 21.84137604400007], [72.16187584700003, 21.839178778000075], [72.13086998800003, 21.846258856000077], [72.12330162900008, 21.85374583500004], [72.11133873800003, 21.86985911700009], [72.09848066500007, 21.880519924000055], [72.07764733200008, 21.89443594000005], [72.05795332100007, 21.89874909100007], [72.04932701900003, 21.88043854400007], [72.05290774800005, 21.87653229400007], [72.06153405000003, 21.873114325000074], [72.07178795700008, 21.870794989000046], [72.08033287900008, 21.86985911700009], [72.08643639400003, 21.865627346000053], [72.10450280000003, 21.835760809000078], [72.08676191500007, 21.83026764500005], [72.06283613400007, 21.834377346000053], [72.00416100400008, 21.85773346600007], [71.99732506600003, 21.85492584800005], [71.99463951900003, 21.839504299000055], [71.99415123800003, 21.812201239000046], [71.99610436300003, 21.79950592700004], [72.00147545700008, 21.787909247000073], [72.00538170700008, 21.79295482000009], [72.00961347700007, 21.79559967700004], [72.02182050900007, 21.80097077000005], [72.02149498800003, 21.79441966400009], [72.02230879000007, 21.780910549000055], [72.02182050900007, 21.774318752000056], [72.05494225400008, 21.785589911000045], [72.07390384200005, 21.788723049000055], [72.08741295700008, 21.784491278000075], [72.10320071700005, 21.775213934000078], [72.11744225400008, 21.776597398000035], [72.16602623800003, 21.79393138200004], [72.17107181100005, 21.790961005000042], [72.17269941500007, 21.777736721000053], [72.17701256600003, 21.76666901200008], [72.19581139400003, 21.75779857000009], [72.20004316500007, 21.750067450000074], [72.20240319100003, 21.748114325000074], [72.21436608200008, 21.712836005000042], [72.21900475400008, 21.706000067000048], [72.22380618600005, 21.70058828300006], [72.23023522200003, 21.69599030200004], [72.24040774800005, 21.69171784100007], [72.25180097700007, 21.69090403900009], [72.26303144600007, 21.692328192000048], [72.27173912900008, 21.69090403900009], [72.27833092500003, 21.671942450000074], [72.28541100400008, 21.66502513200004], [72.29249108200008, 21.659491278000075], [72.29566491000008, 21.65387604400007], [72.29664147200003, 21.64215729400007], [72.29851321700005, 21.633978583000044], [72.29883873800003, 21.626288153000075], [72.29566491000008, 21.616034247000073], [72.29200280000003, 21.611761786000045], [72.27914472700007, 21.600531317000048], [72.27515709700003, 21.595526434000078], [72.24219811300003, 21.48078034100007], [72.21989993600005, 21.44472890800006], [72.16684004000007, 21.39207591400009], [72.15919030000003, 21.37327708500004], [72.15162194100003, 21.360174872000073], [72.11605879000007, 21.322739976000037], [72.10450280000003, 21.315008856000077], [72.11003665500004, 21.304836330000057], [72.11150149800005, 21.296087958000044], [72.10775800900007, 21.289984442000048], [72.09701582100007, 21.287665106000077], [72.10254967500003, 21.27440013200004], [72.09937584700003, 21.264960028000075], [72.09359785200007, 21.258205471000053], [72.09083092500003, 21.25291575700004], [72.09351647200003, 21.24355703300006], [72.10450280000003, 21.22215403900009], [72.10474694100003, 21.20506419500009], [72.09083092500003, 21.191473700000074], [72.08480879000007, 21.188706773000035], [72.07545006600003, 21.185695705000057], [72.06666100400008, 21.181341864000046], [72.06283613400007, 21.174709377000056], [72.05502363400007, 21.168361721000053], [71.99073326900003, 21.136379299000055], [71.97242272200003, 21.13226959800005], [71.92628014400003, 21.130031643000052], [71.80616295700008, 21.06207916900007], [71.78858483200008, 21.04751211100006], [71.76295006600003, 21.03229401200008], [71.74366295700008, 21.02757396000004], [71.73023522200003, 21.03070709800005], [71.71762129000007, 21.032049872000073], [71.69974337837239, 21.021306493560147], [71.68336022200003, 21.011460679000038], [71.63998457100007, 20.99681224200009], [71.58350670700008, 20.958238023000035], [71.54957116000008, 20.951239325000074], [71.55730228000004, 20.966009833000044], [71.56234785200007, 20.97296784100007], [71.56934655000003, 20.97919342700004], [71.55111738400007, 20.973578192000048], [71.53679446700005, 20.96430084800005], [71.49341881600003, 20.92914459800005], [71.48438561300009, 20.917141018000052], [71.48072350400008, 20.90037669500009], [71.46225019600007, 20.885321356000077], [71.37810306100005, 20.859442450000074], [71.31861412900008, 20.849310614000046], [71.14063561300009, 20.765692450000074], [71.11695397200003, 20.766913153000075], [71.11011803500008, 20.759466864000046], [71.09546959700003, 20.763739325000074], [71.08326256600003, 20.75653717700004], [71.07260175900007, 20.74567291900007], [71.06234785200007, 20.73895905200004], [71.04444420700008, 20.74054596600007], [71.02418053500008, 20.744533596000053], [71.00766035200007, 20.74160390800006], [71.00595136800007, 20.73655833500004], [71.00082441500007, 20.72215403900009], [70.98243248800009, 20.710150458000044], [70.97299238400007, 20.70962148600006], [70.90253114232611, 20.70551993138298], [70.84017988400007, 20.70189036700009], [70.81967207100007, 20.702948309000078], [70.80160566500007, 20.709051825000074], [70.78516686300009, 20.72215403900009], [70.77458743600005, 20.727362372000073], [70.76319420700008, 20.724554755000042], [70.75163821700005, 20.719631252000056], [70.74024498800009, 20.718491929000038], [70.73080488400007, 20.723211981000077], [70.69857832100007, 20.74640534100007], [70.56217415529785, 20.799766947861755], [70.54151451900003, 20.807847398000035], [70.48414147200003, 20.84393952000005], [70.46306399800005, 20.848863023000035], [70.45142662900008, 20.855902411000045], [70.41700280000003, 20.890448309000078], [70.39877363400007, 20.903509833000044], [70.33668053500008, 20.927069403000075], [70.29997806100005, 20.95856354400007], [70.26351972700007, 20.980414130000042], [70.15219160200007, 21.078517971000053], [70.05444521916755, 21.15315547561164], [69.96801943816754, 21.25805456361161], [69.96615644600007, 21.263413804000038], [69.95826256600003, 21.27334219000005], [69.91163170700008, 21.315008856000077], [69.84498131600003, 21.389593817000048], [69.81470787900008, 21.433661200000074], [69.80860436300009, 21.46580638200004], [69.78874759200005, 21.469305731000077], [69.77149498800009, 21.47842031500005], [69.75635826900003, 21.49042389500005], [69.62973066500007, 21.616034247000073], [69.56820722700007, 21.650132554000038], [69.55274498800009, 21.665187893000052], [69.51978600400008, 21.704779364000046], [69.49935957100007, 21.72020091400009], [69.47852623800009, 21.75263092700004], [69.44629967500003, 21.76630280200004], [69.42741946700005, 21.78123607000009], [69.39771569100003, 21.815252997000073], [69.39177493600005, 21.832180080000057], [69.39519290500004, 21.86131419500009], [69.39087975400008, 21.876695054000038], [69.36784915500004, 21.85610586100006], [69.35547936300009, 21.853176174000055], [69.33619225400008, 21.862453518000052], [69.24390709700003, 21.94594961100006], [69.21225019600007, 21.96747467700004], [69.19841556100005, 21.979722398000035], [69.15064537900008, 22.04120514500005], [69.11931399800005, 22.06207916900007], [69.10303795700008, 22.07636139500005], [69.09205162900008, 22.09959544500009], [69.04818769600007, 22.157904364000046], [69.01254316500007, 22.185614325000074], [68.99415123800009, 22.203924872000073], [68.98047936300009, 22.235541083000044], [68.95329837300005, 22.27602773600006], [68.94459069100003, 22.295070705000057], [68.94402103000004, 22.31826406500005], [68.95142662900008, 22.334865627000056], [68.96062259200005, 22.34951406500005], [68.96501712300005, 22.36676666900007], [68.96762129000007, 22.387193101000037], [68.97437584700003, 22.404730536000045], [68.98324629000007, 22.41937897300005], [68.99293053500008, 22.431586005000042], [69.00749759200005, 22.443182684000078], [69.04753665500004, 22.464016018000052], [69.07357832100007, 22.48187897300005], [69.08139082100007, 22.480536200000074], [69.08521569100003, 22.47288646000004], [69.08228600400008, 22.459540106000077], [69.07447350400008, 22.44944896000004], [69.05600019600007, 22.441839911000045], [69.04818769600007, 22.431586005000042], [69.06226647200003, 22.40770091400009], [69.07178795700008, 22.39948151200008], [69.08855228000004, 22.396877346000053], [69.09742272200003, 22.398871161000045], [69.11378014400003, 22.407863674000055], [69.12273196700005, 22.411078192000048], [69.13200931100005, 22.41046784100007], [69.13982181100005, 22.407131252000056], [69.14698326900003, 22.404852606000077], [69.15463300900007, 22.40770091400009], [69.16879316500007, 22.42064036700009], [69.17855879000007, 22.42763906500005], [69.18824303500008, 22.42641836100006], [69.20215905000003, 22.414862372000073], [69.20573978000004, 22.39866771000004], [69.18213951900003, 22.366441148000035], [69.18531334700003, 22.349676825000074], [69.16968834700003, 22.327948309000078], [69.17383873800009, 22.308294989000046], [69.19044030000003, 22.292303778000075], [69.21208743600005, 22.281398830000057], [69.21208743600005, 22.273911851000037], [69.28646894600007, 22.28461334800005], [69.33570397200003, 22.30613841400009], [69.34644616000008, 22.32489655200004], [69.35987389400003, 22.32916901200008], [69.43539472700007, 22.33038971600007], [69.46892337300005, 22.337836005000042], [69.47966556100005, 22.342230536000045], [69.48536217500003, 22.34756094000005], [69.50001061300009, 22.36676666900007], [69.50269616000008, 22.372259833000044], [69.50855553500008, 22.374253648000035], [69.51514733200008, 22.37518952000005], [69.51986738400007, 22.37763092700004], [69.52564537900008, 22.39207591400009], [69.52279707100007, 22.40387604400007], [69.51693769600007, 22.416083075000074], [69.51368248800009, 22.431586005000042], [69.51596113400007, 22.448146877000056], [69.52198326900003, 22.448919989000046], [69.53077233200008, 22.446112372000073], [69.54102623800009, 22.452093817000048], [69.54786217500003, 22.452093817000048], [69.55982506600003, 22.41152578300006], [69.56169681100005, 22.39158763200004], [69.55469811300009, 22.37763092700004], [69.56902103000004, 22.37055084800005], [69.60108483200008, 22.363836981000077], [69.61605879000007, 22.355902411000045], [69.61744225400008, 22.365057684000078], [69.61988366000008, 22.371039130000042], [69.62973066500007, 22.38377513200004], [69.64039147200003, 22.37596263200004], [69.64722741000008, 22.38043854400007], [69.65235436300009, 22.389878648000035], [69.65772545700008, 22.396877346000053], [69.66130618600005, 22.400213934000078], [69.66521243600005, 22.40497467700004], [69.66944420700008, 22.40924713700008], [69.67465254000007, 22.411078192000048], [69.68083743600005, 22.40961334800005], [69.69450931100005, 22.403957424000055], [69.69939212300005, 22.40428294500009], [69.70899498800009, 22.418890692000048], [69.72535241000008, 22.464544989000046], [69.73340905000003, 22.48004791900007], [69.74219811300009, 22.47296784100007], [69.78874759200005, 22.423163153000075], [69.79493248800009, 22.41860586100006], [69.80697675900007, 22.42096588700008], [69.81299889400003, 22.429510809000078], [69.81690514400003, 22.44098541900007], [69.82227623800009, 22.452093817000048], [69.83326256600003, 22.463812567000048], [69.84180748800009, 22.46637604400007], [69.85108483200008, 22.465236721000053], [69.86378014400003, 22.465765692000048], [69.88477623800009, 22.473578192000048], [69.90528405000003, 22.486395575000074], [69.96208743600005, 22.53534577000005], [69.97299238400007, 22.541449286000045], [69.97388756600003, 22.539984442000048], [69.99626712300005, 22.541449286000045], [70.00269616000008, 22.54315827000005], [70.02084394600007, 22.555121161000045], [70.05909264400003, 22.558417059000078], [70.14470462300005, 22.547796942000048], [70.17847741000008, 22.56195709800005], [70.18970787900008, 22.577785549000055], [70.20728600400008, 22.614976304000038], [70.23487389400003, 22.648871161000045], [70.26726321700005, 22.705959377000056], [70.31910241000008, 22.778265692000048], [70.32325280000003, 22.787665106000077], [70.32154381600003, 22.811712958000044], [70.32252037900008, 22.822658596000053], [70.32545006600003, 22.826320705000057], [70.34294681100005, 22.84316640800006], [70.37525475400008, 22.90265534100007], [70.38770592500003, 22.91201406500005], [70.40463300900007, 22.91950104400007], [70.43685957100007, 22.954901434000078], [70.45337975400008, 22.966620184000078], [70.46273847700007, 22.966538804000038], [70.47429446700005, 22.964056708000044], [70.48633873800009, 22.963690497000073], [70.49756920700008, 22.970038153000075], [70.50473066500007, 22.97955963700008], [70.51238040500004, 22.995347398000035], [70.51791425900007, 23.00389232000009], [70.52719160200007, 23.023586330000057], [70.52849368600005, 23.04706452000005], [70.52369225400008, 23.070379950000074], [70.51490319100003, 23.089544989000046], [70.50294030000003, 23.104396877000056], [70.48422285200007, 23.12213776200008], [70.46713300900007, 23.129706122000073], [70.45964603000004, 23.11399974200009], [70.45093834700003, 23.10565827000005], [70.41065514400003, 23.086004950000074], [70.39877363400007, 23.06903717700004], [70.39893639400003, 23.059068101000037], [70.40105228000004, 23.045396226000037], [70.40447024800005, 23.033351955000057], [70.41098066500007, 23.023179429000038], [70.40186608200008, 22.999253648000035], [70.40202884200005, 22.99022044500009], [70.40381920700008, 22.98187897300005], [70.40349368600005, 22.96784088700008], [70.40162194100003, 22.95384349200009], [70.39877363400007, 22.94550202000005], [70.39242597700007, 22.94086334800005], [70.38453209700003, 22.93886953300006], [70.36353600400008, 22.938706773000035], [70.35767662900008, 22.936712958000044], [70.35238691500007, 22.93305084800005], [70.34669030000003, 22.931301174000055], [70.33952884200005, 22.935288804000038], [70.33448326900003, 22.94013092700004], [70.33041425900007, 22.943304755000042], [70.32569420700008, 22.945013739000046], [70.31910241000008, 22.94550202000005], [70.31462649800005, 22.943508205000057], [70.30876712300005, 22.93976471600007], [70.30347741000008, 22.93813711100006], [70.30005944100003, 22.944281317000048], [70.29363040500004, 22.95140208500004], [70.29175866000008, 22.95302969000005], [70.26929772200003, 22.95856354400007], [70.25831139400003, 22.971869208000044], [70.24968509200005, 22.987453518000052], [70.23308353000004, 23.000148830000057], [70.23194420700008, 22.97492096600007], [70.22201582100007, 22.95917389500005], [70.20411217500003, 22.95221588700008], [70.17847741000008, 22.95302969000005], [70.17172285200007, 22.951971747000073], [70.16773522200003, 22.94912344000005], [70.16309655000003, 22.948960679000038], [70.15430748800009, 22.95604075700004], [70.15072675900007, 22.961004950000074], [70.14966881600003, 22.96430084800005], [70.14747155000003, 22.966050523000035], [70.14063561300009, 22.966620184000078], [70.12907962300005, 22.969305731000077], [70.12501061300009, 22.97597890800006], [70.12623131600003, 22.984808661000045], [70.13062584700003, 22.993963934000078], [70.10954837300005, 22.95917389500005], [70.12045332100007, 22.95258209800005], [70.13233483200008, 22.941066799000055], [70.13542728000004, 22.92999909100007], [70.12012780000003, 22.925034898000035], [70.06177819100003, 22.91819896000004], [69.99691816500007, 22.893784898000035], [69.94068444100003, 22.88613515800006], [69.88428795700008, 22.86782461100006], [69.85287519600007, 22.86359284100007], [69.83318118600005, 22.85846588700008], [69.80681399800005, 22.84528229400007], [69.78012129000007, 22.827460028000075], [69.76010175900007, 22.808335679000038], [69.72885175900007, 22.754828192000048], [69.71583092500003, 22.746893622000073], [69.69434655000003, 22.749701239000046], [69.65381920700008, 22.76048411700009], [69.58570397200003, 22.76117584800005], [69.57569420700008, 22.76434967700004], [69.55697675900007, 22.778509833000044], [69.54444420700008, 22.781683661000045], [69.51075280000003, 22.780503648000035], [69.50001061300009, 22.781683661000045], [69.48943118600005, 22.78473541900007], [69.48259524800005, 22.78847890800006], [69.47730553500008, 22.79205963700008], [69.47217858200008, 22.794663804000038], [69.42465254000007, 22.80426666900007], [69.40593509200005, 22.813666083000044], [69.37256920700008, 22.81899648600006], [69.33814537900008, 22.83307526200008], [69.23878014400003, 22.841945705000057], [69.20191491000008, 22.85224030200004], [69.13559004000007, 22.888373114000046], [69.03988691500007, 22.950506903000075], [68.86622155000003, 23.019964911000045], [68.69125410200007, 23.130519924000055], [68.66065514400003, 23.154242255000042], [68.65406334700003, 23.15778229400007], [68.65064537900008, 23.162054755000042], [68.65113366000008, 23.17145416900007], [68.64966881600003, 23.180853583000044], [68.62256920700008, 23.191555080000057], [68.60914147200003, 23.206773179000038], [68.59994550900007, 23.225043036000045], [68.59571373800009, 23.240383205000057], [68.59831790500004, 23.23696523600006], [68.60938561300009, 23.226711330000057], [68.62012780000003, 23.245428778000075], [68.62322024800005, 23.25617096600007], [68.62305748800009, 23.267645575000074], [68.60531660200007, 23.259588934000078], [68.57781009200005, 23.25527578300006], [68.55225670700008, 23.259711005000042], [68.54102623800009, 23.278225002000056], [68.56104576900003, 23.316107489000046], [68.56853274800005, 23.318426825000074], [68.59913170700008, 23.32225169500009], [68.60694420700008, 23.32558828300006], [68.60303795700008, 23.332831122000073], [68.59205162900008, 23.34007396000004], [68.57837975400008, 23.343410549000055], [68.57105553500008, 23.34638092700004], [68.56666100400008, 23.35297272300005], [68.56373131600003, 23.359930731000077], [68.56104576900003, 23.36391836100006], [68.55518639400003, 23.36395905200004], [68.54851321700005, 23.36151764500005], [68.54314212300005, 23.358587958000044], [68.54102623800009, 23.35700104400007], [68.52947024800005, 23.363104559000078], [68.52068118600005, 23.369208075000074], [68.51514733200008, 23.377020575000074], [68.51319420700008, 23.38808828300006], [68.51514733200008, 23.399318752000056], [68.52076256600003, 23.407538153000075], [68.52955162900008, 23.411932684000078], [68.54102623800009, 23.41168854400007], [68.53638756600003, 23.42133209800005], [68.53012129000007, 23.42568594000005], [68.52214603000004, 23.424750067000048], [68.51319420700008, 23.418524481000077], [68.50147545700008, 23.42328522300005], [68.49642988400007, 23.41787344000005], [68.49048912900008, 23.409328518000052], [68.47535241000008, 23.404852606000077], [68.46257571700005, 23.409125067000048], [68.45883222700007, 23.41982656500005], [68.46111087300005, 23.43317291900007], [68.46550540500004, 23.445786851000037], [68.45191491000008, 23.43773021000004], [68.44044030000003, 23.43427155200004], [68.43091881600003, 23.43659088700008], [68.42367597700007, 23.445786851000037], [68.43295332100007, 23.46588776200008], [68.44743899800005, 23.487453518000052], [68.46558678500008, 23.50527578300006], [68.48585045700008, 23.514105536000045], [68.48129316500007, 23.525132554000038], [68.47559655000003, 23.52411530200004], [68.46802819100003, 23.51984284100007], [68.45866946700005, 23.52147044500009], [68.45411217500003, 23.526271877000056], [68.44402103000004, 23.54120514500005], [68.43734785200007, 23.54881419500009], [68.44141686300009, 23.532049872000073], [68.44743899800005, 23.51634349200009], [68.44695071700005, 23.50299713700008], [68.43116295700008, 23.49359772300005], [68.41163170700008, 23.494696356000077], [68.40609785200007, 23.508734442000048], [68.41081790500004, 23.54881419500009], [68.40495853000004, 23.597601630000042], [68.40886478000004, 23.62132396000004], [68.42750084700003, 23.631415106000077], [68.47152754000007, 23.61863841400009], [68.49146569100003, 23.618841864000046], [68.49268639400003, 23.637600002000056], [68.48617597700007, 23.641424872000073], [68.47689863400007, 23.63934967700004], [68.46876061300009, 23.64081452000005], [68.46550540500004, 23.65525950700004], [68.46941165500004, 23.65924713700008], [68.48894290500004, 23.66478099200009], [68.50473066500007, 23.674221096000053], [68.52393639400003, 23.675930080000057], [68.53353925900007, 23.67918528900009], [68.53882897200003, 23.684027411000045], [68.55469811300009, 23.70648834800005], [68.58350670700008, 23.735296942000048], [68.60173587300005, 23.74868398600006], [68.63786868600005, 23.761542059000078], [68.65455162900008, 23.79905833500004], [68.67074629000007, 23.815741278000075], [68.68018639400003, 23.81777578300006], [68.71558678500008, 23.815741278000075], [68.72559655000003, 23.818915106000077], [68.74512780000003, 23.83307526200008], [68.75652103000004, 23.83624909100007], [68.76880944100003, 23.841131903000075], [68.82162519600007, 23.87840403900009], [68.80567467500003, 23.884426174000055], [68.78003991000008, 23.87409088700008], [68.76693769600007, 23.87840403900009], [68.74024498800009, 23.853461005000042], [68.71778405000003, 23.841009833000044], [68.69190514400003, 23.83665599200009], [68.65406334700003, 23.83624909100007], [68.63347415500004, 23.83307526200008], [68.62305748800009, 23.82440827000005], [68.60938561300009, 23.79523346600007], [68.59888756600003, 23.78188711100006], [68.58773847700007, 23.77570221600007], [68.55469811300009, 23.76854075700004], [68.53834069100003, 23.76129791900007], [68.52475019600007, 23.752020575000074], [68.51002037900008, 23.744086005000042], [68.47282962300005, 23.737494208000044], [68.44971764400003, 23.72333405200004], [68.42774498800009, 23.71430084800005], [68.41081790500004, 23.700506903000075], [68.34197024800005, 23.623968817000048], [68.35157311300009, 23.61782461100006], [68.35303795700008, 23.610663153000075], [68.34888756600003, 23.60342031500005], [68.34197024800005, 23.596625067000048], [68.32732181100005, 23.58690013200004], [68.31763756600003, 23.58612702000005], [68.30811608200008, 23.589056708000044], [68.29411868600005, 23.590399481000077], [68.23080488400007, 23.58808014500005], [68.18140709700003, 23.59406159100007], [68.15739993600005, 23.600816148000035], [68.14340254000007, 23.61269765800006], [68.15007571700005, 23.631415106000077], [68.15414472700007, 23.63231028900009], [68.17432701900003, 23.631415106000077], [68.17823326900003, 23.63434479400007], [68.18189537900008, 23.64785390800006], [68.18425540500004, 23.65192291900007], [68.19809004000007, 23.659084377000056], [68.20932050900007, 23.66274648600006], [68.22006269600007, 23.65924713700008], [68.23267662900008, 23.645005601000037], [68.24512780000003, 23.659125067000048], [68.26189212300005, 23.661444403000075], [68.27588951900003, 23.665838934000078], [68.28044681100005, 23.685980536000045], [68.25896243600005, 23.674709377000056], [68.24097741000008, 23.67401764500005], [68.22486412900008, 23.68187083500004], [68.20875084700003, 23.696234442000048], [68.19752037900008, 23.714544989000046], [68.19581139400003, 23.73346588700008], [68.19792728000004, 23.75340403900009], [68.19776451900003, 23.77480703300006], [68.17823326900003, 23.754299221000053], [68.16814212300005, 23.74746328300006], [68.16374759200005, 23.75771719000005], [68.16602623800009, 23.773179429000038], [68.17562910200007, 23.79824453300006], [68.17969811300009, 23.827460028000075], [68.18246504000007, 23.835760809000078], [68.18303470100005, 23.84210846600007], [68.18311608200008, 23.843451239000046], [68.15748131600003, 23.905096747000073], [68.15642337300005, 23.87400950700004], [68.15748131600003, 23.864162502000056], [68.16016686300009, 23.857855536000045], [68.16871178500008, 23.84479401200008], [68.17058353000004, 23.839911200000074], [68.16675866000008, 23.820013739000046], [68.14869225400008, 23.780910549000055], [68.14332116000008, 23.76113515800006], [68.14421634200005, 23.74315013200004], [68.15479576900003, 23.71430084800005], [68.15748131600003, 23.696234442000048], [68.14909915500004, 23.694525458000044], [68.13038170700008, 23.708197333000044], [68.10222415500004, 23.73383209800005], [68.09888756600003, 23.70929596600007], [68.08171634200005, 23.708685614000046], [68.06275475400008, 23.723130601000037], [68.05388431100005, 23.74371979400007], [68.05697675900007, 23.75096263200004], [68.07105553500008, 23.760646877000056], [68.07439212300005, 23.764837958000044], [68.07325280000003, 23.78343333500004], [68.07439212300005, 23.788397528000075], [68.08171634200005, 23.80565013200004], [68.08822675900007, 23.809515692000048], [68.10222415500004, 23.809515692000048], [68.10222415500004, 23.815741278000075], [68.08838951900003, 23.82607656500005], [68.07252037900008, 23.841864325000074], [68.05941816500007, 23.861883856000077], [68.05388431100005, 23.88467031500005], [68.06169681100005, 23.911281643000052], [68.06373131600003, 23.923163153000075], [68.04769941500007, 23.921210028000075], [68.02418053500008, 23.935248114000046], [68.01351972700007, 23.939276434000078], [68.04151451900003, 23.85224030200004], [68.05388431100005, 23.829413153000075], [68.03565514400003, 23.79242584800005], [68.02442467500003, 23.774603583000044], [68.01351972700007, 23.76854075700004], [68.00798587300005, 23.774237372000073], [68.00342858200008, 23.785305080000057], [68.00033613400007, 23.797308661000045], [67.99927819100003, 23.805812893000052], [67.99415123800009, 23.81118398600006], [67.98316491000008, 23.80963776200008], [67.97339928500008, 23.805243231000077], [67.97193444100003, 23.802069403000075], [67.96192467500003, 23.80467357000009], [67.95085696700005, 23.80890534100007], [67.94166100400008, 23.81586334800005], [67.93775475400008, 23.826320705000057], [67.93425540500004, 23.83299388200004], [67.92603600400008, 23.834051825000074], [67.91675866000008, 23.833644924000055], [67.90992272200003, 23.83624909100007], [67.90463300900007, 23.846258856000077], [67.90593509200005, 23.85927969000005], [67.89991295700008, 23.867580471000053], [67.89193769600007, 23.869574286000045], [67.88347415500004, 23.86481354400007], [67.86890709700003, 23.850490627000056], [67.86451256600003, 23.865790106000077], [67.86329186300009, 23.902818101000037], [67.85523522200003, 23.911932684000078], [67.84913170700008, 23.889471747000073], [67.83904056100005, 23.823391018000052], [67.83171634200005, 23.809515692000048], [67.80258222700007, 23.81281159100007], [67.77320397200003, 23.821112372000073], [67.71859785200007, 23.843695380000042], [67.73072350400008, 23.835598049000055], [67.74105879000007, 23.823065497000073], [67.74366295700008, 23.80878327000005], [67.73226972700007, 23.79523346600007], [67.71566816500007, 23.79169342700004], [67.69361412900008, 23.793443101000037], [67.65658613400007, 23.802069403000075], [67.64649498800009, 23.802883205000057], [67.63770592500003, 23.80174388200004], [67.63160241000008, 23.80345286700009], [67.62924238400007, 23.812648830000057], [67.63070722700007, 23.824774481000077], [67.63428795700008, 23.83307526200008], [67.63884524800005, 23.840643622000073], [67.64291425900007, 23.850490627000056], [67.65105228000004, 23.907049872000073], [67.65658613400007, 23.91937897300005], [67.65658613400007, 23.925604559000078], [67.65202884200005, 23.92527903900009], [67.65105228000004, 23.926906643000052], [67.65121504000007, 23.929754950000074], [67.65040123800009, 23.93305084800005], [67.63803144600007, 23.91592031500005], [67.63738040500004, 23.874253648000035], [67.62924238400007, 23.856675523000035], [67.61451256600003, 23.850083726000037], [67.59961998800009, 23.85423411700009], [67.58936608200008, 23.866522528000075], [67.58838951900003, 23.88467031500005], [67.57455488400007, 23.87177155200004], [67.56609134200005, 23.87645091400009], [67.55811608200008, 23.88865794500009], [67.54664147200003, 23.898260809000078], [67.53256269600007, 23.89915599200009], [67.53012129000007, 23.89126211100006], [67.53589928500008, 23.880031643000052], [67.54664147200003, 23.87099844000005], [67.49105879000007, 23.88312409100007], [67.47852623800009, 23.891506252000056], [67.48804772200003, 23.893052476000037], [67.49529056100005, 23.892279364000046], [67.50261478000004, 23.89288971600007], [67.51254316500007, 23.898260809000078], [67.52051842500003, 23.907049872000073], [67.53223717500003, 23.92914459800005], [67.54053795700008, 23.939276434000078], [67.53052819100003, 23.935492255000042], [67.51986738400007, 23.928290106000077], [67.50904381600003, 23.92324453300006], [67.49887129000007, 23.925604559000078], [67.49691816500007, 23.935614325000074], [67.49976647200003, 23.951646226000037], [67.50635826900003, 23.97402578300006], [67.46363366000008, 23.98200104400007], [67.45118248800009, 23.98769765800006], [67.46810957100007, 24.021958726000037], [67.47820071700005, 24.032416083000044], [67.49219811300009, 24.02802155200004], [67.51986738400007, 24.045070705000057], [67.52979576900003, 24.05491771000004], [67.53305097700007, 24.070257880000042], [67.50977623800009, 24.052069403000075], [67.48910566500007, 24.05410390800006], [67.46729576900003, 24.064154364000046], [67.44068444100003, 24.070257880000042], [67.38355553500008, 24.066799221000053], [67.35401451900003, 24.070868231000077], [67.34131920700008, 24.086371161000045], [67.33708743600005, 24.118963934000078], [67.32642662900008, 24.143784898000035], [67.30030358200008, 24.18626536700009], [67.29558353000004, 24.19920482000009], [67.29330488400007, 24.212225653000075], [67.29232832100007, 24.261867580000057], [67.28842207100007, 24.269964911000045], [67.27914472700007, 24.28123607000009], [67.28386478000004, 24.287909247000073], [67.28931725400008, 24.298651434000078], [67.29281660200007, 24.30296458500004], [67.28598066500007, 24.32957591400009], [67.30591881600003, 24.34284088700008], [67.33643639400003, 24.34642161700009], [67.36247806100005, 24.34393952000005], [67.34253991000008, 24.35382721600007], [67.32536868600005, 24.35761139500005], [67.28296959700003, 24.35761139500005], [67.27165774800005, 24.369086005000042], [67.27361087300005, 24.395086981000077], [67.28663170700008, 24.439520575000074], [67.28052819100003, 24.43231842700004], [67.27361087300005, 24.426947333000044], [67.25879967500003, 24.419094143000052], [67.25684655000003, 24.444973049000055], [67.24683678500008, 24.467962958000044], [67.23072350400008, 24.488836981000077], [67.21094811300009, 24.50844961100006], [67.23080488400007, 24.525091864000046], [67.22673587300005, 24.532375393000052], [67.20411217500003, 24.535101630000042], [67.19459069100003, 24.547267971000053], [67.18864993600005, 24.561346747000073], [67.18523196700005, 24.576117255000042], [67.18360436300009, 24.590318101000037], [67.19947350400008, 24.584784247000073], [67.21810957100007, 24.582424221000053], [67.23666425900007, 24.58397044500009], [67.25261478000004, 24.590318101000037], [67.22388756600003, 24.607163804000038], [67.20899498800009, 24.613755601000037], [67.19044030000003, 24.617661851000037], [67.17269941500007, 24.61587148600006], [67.15992272200003, 24.612250067000048], [67.15211022200003, 24.615708726000037], [67.14958743600005, 24.63507721600007], [67.15699303500008, 24.662909247000073], [67.17554772200003, 24.688706773000035], [67.19996178500008, 24.710638739000046], [67.22461998800009, 24.726955471000053], [67.25294030000003, 24.740383205000057], [67.25554446700005, 24.747992255000042], [67.24512780000003, 24.761664130000042], [67.23267662900008, 24.770738023000035], [67.22380618600005, 24.76972077000005], [67.21265709700003, 24.76471588700008], [67.17603600400008, 24.75771719000005], [67.16732832100007, 24.760158596000053], [67.16163170700008, 24.781398830000057], [67.15601647200003, 24.791571356000077], [67.14820397200003, 24.79979075700004], [67.13965905000003, 24.803290106000077], [67.12183678500008, 24.801214911000045], [67.11109459700003, 24.797756252000056], [67.09994550900007, 24.79706452000005], [67.08122806100005, 24.803290106000077], [67.07374108200008, 24.795803127000056], [67.08253014400003, 24.77415599200009], [67.06373131600003, 24.781683661000045], [67.02295983200008, 24.81004466400009], [67.00505618600005, 24.81354401200008], [66.98731530000003, 24.822211005000042], [66.97299238400007, 24.833156643000052], [66.96509850400008, 24.843573309000078], [66.95769290500004, 24.843573309000078], [66.95785566500007, 24.825425523000035], [66.96021569100003, 24.81781647300005], [66.96509850400008, 24.81004466400009], [66.94117272200003, 24.812567450000074], [66.92188561300009, 24.824286200000074], [66.90333092500003, 24.839178778000075], [66.88209069100003, 24.85101959800005], [66.85377037900008, 24.85224030200004], [66.82732181100005, 24.844142971000053], [66.80250084700003, 24.839544989000046], [66.77963300900007, 24.85101959800005], [66.76929772200003, 24.84723541900007], [66.71631920700008, 24.841538804000038], [66.69141686300009, 24.832586981000077], [66.67969811300009, 24.830552476000037], [66.65414472700007, 24.839178778000075], [66.65674889400003, 24.858710028000075], [66.67701256600003, 24.87954336100006], [66.70443769600007, 24.89203522300005], [66.70443769600007, 24.898871161000045], [66.68132571700005, 24.910549221000053], [66.68132571700005, 24.948879299000055], [66.6918106215351, 25.0], [90.0, 25.0], [90.0, 22.48393691021465], [89.98275800900007, 22.473211981000077]]]]}}, {"type": "Feature", "properties": {"featurecla": "Land", "scalerank": 6, "min_zoom": 5.0}, "geometry": {"type": "MultiPolygon", "coordinates": [[[[80.98316491000008, 15.780747789000088], [80.98853600400008, 15.770738023000092], [80.98487389400003, 15.761786200000074], [80.97169030000003, 15.750474351000037], [80.94255618600005, 15.741074937000064], [80.91797936300003, 15.755113023000092], [80.86850019600007, 15.81195709800005], [80.87916100400008, 15.84007396000004], [80.88835696700005, 15.84674713700008], [80.93726647200003, 15.818915106000077], [80.96827233200008, 15.79523346600007], [80.98316491000008, 15.780747789000088]]], [[[81.73707116000008, 7.670965887000079], [81.73316491000008, 7.679103908000059], [81.72836347700007, 7.689113674000055], [81.72510826900003, 7.698919989000046], [81.72559655000003, 7.70929596600007], [81.72868899800005, 7.718491929000038], [81.72999108200008, 7.728216864000046], [81.72510826900003, 7.7398135440000715], [81.72510826900003, 7.739935614000046], [81.73796634200005, 7.727484442000048], [81.75025475400008, 7.698635158000059], [81.75928795700008, 7.685288804000038], [81.76148522200003, 7.679510809000078], [81.77076256600003, 7.654689846000053], [81.79509524800005, 7.616278387000079], [81.80632571700005, 7.598578192000048], [81.82325280000003, 7.5112979190000715], [81.82260175900007, 7.491359768000052], [81.80779056100005, 7.479193427000041], [81.79371178500008, 7.490220445000091], [81.78939863400007, 7.494737046000068], [81.78736412900008, 7.4968122420000896], [81.78671308700007, 7.501776434000078], [81.78598066500007, 7.506740627000056], [81.78614342500003, 7.508775132000039], [81.79029381600003, 7.57172272300005], [81.78736412900008, 7.593451239000046], [81.77637780000003, 7.602728583000044], [81.77222741000008, 7.61163971600007], [81.73878014400003, 7.66046784100007], [81.73707116000008, 7.670965887000079]]], [[[88.88851972700007, 21.589544989000046], [88.90202884200005, 21.58026764500005], [88.91130618600005, 21.566880601000037], [88.91391035200007, 21.54840729400007], [88.90796959700003, 21.53070709800005], [88.89576256600003, 21.528469143000052], [88.87973066500007, 21.52997467700004], [88.86247806100005, 21.523586330000057], [88.83871504000007, 21.53192780200004], [88.83082116000003, 21.577378648000035], [88.84131920700008, 21.61399974200009], [88.87289472700007, 21.595526434000078], [88.88851972700007, 21.589544989000046]]], [[[89.13900800900007, 21.766831773000035], [89.14470462300005, 21.73932526200008], [89.13249759200005, 21.721625067000048], [89.10230553500003, 21.736761786000045], [89.05152428500003, 21.79319896000004], [89.05144290500004, 21.79710521000004], [89.05779056100005, 21.803290106000077], [89.06421959700003, 21.822088934000078], [89.06381269600007, 21.841457424000055], [89.05372155000003, 21.874741929000038], [89.05111738400007, 21.890326239000046], [89.04468834700003, 21.90778229400007], [89.04566491000003, 21.91705963700008], [89.05738366000003, 21.917669989000046], [89.06153405000003, 21.914943752000056], [89.06495201900003, 21.910223700000074], [89.06763756600003, 21.904364325000074], [89.07154381600003, 21.890326239000046], [89.08130944100003, 21.82294342700004], [89.09278405000003, 21.793402411000045], [89.11573326900003, 21.78115469000005], [89.13900800900007, 21.766831773000035]]], [[[88.65015709700003, 21.927435614000046], [88.66325931100005, 21.92129140800006], [88.67058353000004, 21.907416083000044], [88.66700280000003, 21.890326239000046], [88.65528405000003, 21.86660390800006], [88.64918053500003, 21.842352606000077], [88.64633222700007, 21.787909247000073], [88.63624108200008, 21.792669989000046], [88.59961998800003, 21.803656317000048], [88.59180748800003, 21.804388739000046], [88.59050540500004, 21.812892971000053], [88.58497155000003, 21.826605536000045], [88.58432050900007, 21.835760809000078], [88.58627363400007, 21.843003648000035], [88.59864342500003, 21.86985911700009], [88.61646569100003, 21.89793528900009], [88.63624108200008, 21.92137278900009], [88.65015709700003, 21.927435614000046]]]]}}, {"type": "Feature", "properties": {"featurecla": "Land", "scalerank": 6, "min_zoom": 6.0}, "geometry": {"type": "MultiPolygon", "coordinates": [[[[73.64405358200008, 10.076971747000073], [73.64096113400007, 10.06932200700004], [73.63705488400007, 10.062567450000074], [73.63257897200003, 10.05727773600006], [73.63168379000007, 10.06781647300005], [73.63331139400003, 10.077866929000038], [73.63746178500008, 10.087062893000052], [73.64389082100007, 10.094549872000073], [73.64397220100005, 10.09446849200009], [73.64519290500004, 10.092189846000053], [73.64633222700007, 10.08470286700009], [73.64405358200008, 10.076971747000073]]], [[[73.66220136800007, 10.14451732000009], [73.66032962300005, 10.142523505000042], [73.65935306100005, 10.139960028000075], [73.65788821700005, 10.139064846000053], [73.65463300900007, 10.141506252000056], [73.65560957100007, 10.14476146000004], [73.65748131600003, 10.145086981000077], [73.65967858200008, 10.144354559000078], [73.66228274800005, 10.144598700000074], [73.66220136800007, 10.14451732000009]]], [[[72.63851972700007, 10.559393622000073], [72.63306725400008, 10.55654531500005], [72.62745201900003, 10.554754950000074], [72.63209069100003, 10.56000397300005], [72.64861087300005, 10.573960679000038], [72.65056399800005, 10.57257721600007], [72.65040123800003, 10.571193752000056], [72.64958743600005, 10.56932200700004], [72.64975019600007, 10.566839911000045], [72.63851972700007, 10.559393622000073]]], [[[72.54875735800005, 10.779323635000083], [72.54118899800005, 10.77289459800005], [72.54086347700007, 10.776516018000052], [72.54249108200008, 10.777899481000077], [72.54542076900003, 10.77830638200004], [72.54883873800003, 10.779445705000057], [72.54875735800005, 10.779323635000083]]], [[[73.68124433700007, 10.828070380000042], [73.68441816500007, 10.827541408000059], [73.67628014400003, 10.824367580000057], [73.67286217500003, 10.824693101000037], [73.67188561300003, 10.827093817000048], [73.67139733200008, 10.829738674000055], [73.68124433700007, 10.828070380000042]]], [[[72.74756920700008, 11.115423895000049], [72.74675540500004, 11.11196523600006], [72.74496504000007, 11.109523830000057], [72.73951256600003, 11.10883209800005], [72.73951256600003, 11.113959052000041], [72.74203535200007, 11.11595286700009], [72.74577884200005, 11.116888739000046], [72.75001061300003, 11.119086005000042], [72.74756920700008, 11.115423895000049]]], [[[73.01091556100005, 11.49013906500005], [73.00879967500003, 11.48468659100007], [73.00562584700003, 11.479641018000052], [73.00440514400003, 11.488836981000077], [73.00440514400003, 11.496486721000053], [73.00709069100003, 11.501288153000075], [73.01319420700008, 11.50218333500004], [73.01091556100005, 11.49013906500005]]], [[[72.71607506600003, 11.69407786700009], [72.70866946700005, 11.689154364000046], [72.70525149800005, 11.687323309000078], [72.70110110800005, 11.686428127000056], [72.70093834700003, 11.686428127000056], [72.70508873800003, 11.692328192000048], [72.70923912900008, 11.694159247000073], [72.71615644600007, 11.694159247000073], [72.71607506600003, 11.69407786700009]]], [[[79.72282962300005, 9.492621161000045], [79.71469160200007, 9.485052802000041], [79.68946373800003, 9.483587958000044], [79.66602623800003, 9.49127838700008], [79.65577233200008, 9.50389232000009], [79.65577233200008, 9.544867255000042], [79.65870201900003, 9.555365302000041], [79.66529381600003, 9.554022528000075], [79.67212975400008, 9.545599677000041], [79.67628014400003, 9.534979559000078], [79.69353274800005, 9.52960846600007], [79.71412194100003, 9.52806224200009], [79.71924889400003, 9.524359442000048], [79.73080488400007, 9.500189520000049], [79.72282962300005, 9.492621161000045]]], [[[88.09001712300005, 21.808661200000074], [88.11931399800005, 21.859523830000057], [88.14673912900008, 21.86985911700009], [88.16700280000003, 21.765448309000078], [88.16342207100007, 21.705471096000053], [88.13257897200003, 21.68496328300006], [88.14437910200007, 21.65778229400007], [88.14600670700008, 21.643744208000044], [88.13941491000003, 21.63031647300005], [88.13005618600005, 21.625921942000048], [88.11850019600007, 21.62767161700009], [88.09156334700003, 21.636542059000078], [88.06348717500003, 21.636664130000042], [88.05176842500003, 21.64158763200004], [88.04314212300005, 21.65761953300006], [88.04224694100003, 21.66815827000005], [88.04395592500003, 21.680853583000044], [88.05054772200003, 21.70538971600007], [88.09001712300005, 21.808661200000074]]], [[[88.07227623800003, 21.856756903000075], [88.07105553500003, 21.873602606000077], [88.07390384200005, 21.89215729400007], [88.07732181100005, 21.90460846600007], [88.08472741000003, 21.921576239000046], [88.09424889400003, 21.937892971000053], [88.10572350400008, 21.94757721600007], [88.11890709700003, 21.945013739000046], [88.13257897200003, 21.920477606000077], [88.12501061300003, 21.88865794500009], [88.10499108200008, 21.861151434000078], [88.08090254000007, 21.849351304000038], [88.07227623800003, 21.856756903000075]]], [[[72.90943444100003, 5.03078847900008], [72.90919030000003, 5.0305850280000755], [72.91016686300003, 5.032700914000088], [72.91285241000008, 5.034084377000056], [72.90943444100003, 5.03078847900008]]], [[[72.92766360800005, 5.036281643000052], [72.92717532600005, 5.034247137000079], [72.92709394600007, 5.0339216170000896], [72.92571048300005, 5.0334740260000785], [72.92432701900003, 5.033026434000078], [72.92774498800003, 5.036525783000059], [72.92766360800005, 5.036281643000052]]], [[[73.04476972700007, 5.121649481000077], [73.04346764400003, 5.118841864000046], [73.04127037900008, 5.118394273000092], [73.04476972700007, 5.1218122420000896], [73.04476972700007, 5.121649481000077]]], [[[73.04916425900007, 5.133164781000062], [73.04997806100005, 5.130357164000088], [73.05144290500004, 5.128078518000052], [73.05144290500004, 5.126654364000046], [73.04761803500008, 5.126369533000059], [73.04525800900007, 5.128892320000091], [73.04607181100005, 5.130275783000059], [73.04786217500003, 5.131293036000045], [73.04908287900008, 5.1332868510000935], [73.04916425900007, 5.133164781000062]]], [[[73.09099368600005, 5.15851471600007], [73.08790123800003, 5.1579857440000865], [73.08773847700007, 5.157945054000038], [73.09131920700008, 5.161363023000092], [73.09099368600005, 5.15851471600007]]], [[[73.10417728000004, 5.172919012000079], [73.10694420700008, 5.171779690000051], [73.11052493600005, 5.170314846000053], [73.11019941500007, 5.170355536000045], [73.10710696700005, 5.170965887000079], [73.10385175900007, 5.173041083000044], [73.10417728000004, 5.172919012000079]]], [[[72.86003665500004, 5.23781972900008], [72.85922285200007, 5.235500393000052], [72.85686282600005, 5.234564520000049], [72.85661868600005, 5.234442450000074], [72.86011803500008, 5.237941799000055], [72.86003665500004, 5.23781972900008]]], [[[73.13184655000003, 5.24249909100007], [73.12842858200008, 5.241156317000048], [73.13184655000003, 5.244574286000045], [73.13184655000003, 5.24249909100007]]], [[[73.49968509200005, 5.2468122420000896], [73.49724368600005, 5.245021877000056], [73.49382571700005, 5.245998440000051], [73.49976647200003, 5.246893622000073], [73.49968509200005, 5.2468122420000896]]], [[[73.58285566500007, 5.275580145000049], [73.57764733200008, 5.274562893000052], [73.57016035200007, 5.2766787780000755], [73.56999759200005, 5.276760158000059], [73.57593834700003, 5.27993398600006], [73.58204186300003, 5.281805731000077], [73.58790123800003, 5.282619533000059], [73.59359785200007, 5.282700914000088], [73.58285566500007, 5.275580145000049]]], [[[73.11264082100007, 5.298447984000063], [73.10922285200007, 5.295152085000041], [73.10922285200007, 5.296698309000078], [73.11280358200008, 5.298570054000038], [73.11264082100007, 5.298447984000063]]], [[[73.46436608200008, 5.306870835000041], [73.46420332100007, 5.306830145000049], [73.46705162900008, 5.308335679000038], [73.46843509200005, 5.308091539000088], [73.47014407600005, 5.3077253280000605], [73.46436608200008, 5.306870835000041]]], [[[73.62940514400003, 5.3327497420000896], [73.62720787900008, 5.331122137000079], [73.62330162900008, 5.331854559000078], [73.62956790500004, 5.332831122000073], [73.62940514400003, 5.3327497420000896]]], [[[73.64649498800003, 5.343247789000088], [73.64006595100005, 5.342189846000053], [73.63990319100003, 5.342189846000053], [73.64340254000007, 5.343939520000049], [73.64665774800005, 5.343247789000088], [73.64649498800003, 5.343247789000088]]], [[[72.95240319100003, 5.3500837260000935], [72.94955488400007, 5.349310614000046], [72.95313561300003, 5.352769273000092], [72.95240319100003, 5.3500837260000935]]], [[[73.39755293100006, 5.362005927000041], [73.39869225400008, 5.359605210000041], [73.40064537900008, 5.357652085000041], [73.40121504000007, 5.356146552000041], [73.39942467500003, 5.355454820000091], [73.39616946700005, 5.357123114000046], [73.39600670700008, 5.358465887000079], [73.39714603000004, 5.360174872000073], [73.39747155000003, 5.362209377000056], [73.39755293100006, 5.362005927000041]]], [[[73.32488040500004, 5.3667666690000715], [73.32789147200003, 5.367010809000078], [73.32821699300007, 5.367010809000078], [73.33008873800003, 5.366848049000055], [73.32886803500008, 5.364243882000039], [73.31934655000003, 5.362941799000055], [73.31918379000007, 5.362941799000055], [73.31771894600007, 5.365790106000077], [73.31918379000007, 5.36664459800005], [73.32203209700003, 5.366888739000046], [73.32325280000003, 5.368231512000079], [73.32488040500004, 5.3667666690000715]]], [[[73.34489993600005, 5.426825262000079], [73.34457441500007, 5.426743882000039], [73.34750410200007, 5.428778387000079], [73.35075931100005, 5.427679755000042], [73.34489993600005, 5.426825262000079]]], [[[73.53492272200003, 5.44985586100006], [73.53126061300003, 5.450425523000092], [73.53744550900007, 5.451402085000041], [73.53492272200003, 5.44985586100006]]], [[[73.36296634200005, 5.462795315000051], [73.36312910200007, 5.459377346000053], [73.36093183700007, 5.457953192000048], [73.36068769600007, 5.457831122000073], [73.36296634200005, 5.463080145000049], [73.36296634200005, 5.462795315000051]]], [[[72.94304446700005, 5.467474677000041], [72.94157962300005, 5.4655622420000896], [72.94109134200005, 5.463568427000041], [72.94027754000007, 5.462144273000092], [72.93824303500008, 5.461493231000077], [72.93702233200008, 5.4655622420000896], [72.93816165500004, 5.466701565000051], [72.94060306100005, 5.466782945000091], [72.94312584700003, 5.467596747000073], [72.94304446700005, 5.467474677000041]]], [[[73.01433353000004, 5.490912177000041], [73.01384524800005, 5.48891836100006], [73.01303144600007, 5.487453518000052], [73.01099694100003, 5.4868024760000935], [73.00993899800005, 5.490220445000091], [73.00977623800003, 5.49087148600006], [73.01091556100005, 5.492132880000042], [73.01319420700008, 5.492132880000042], [73.01587975400008, 5.492865302000041], [73.01433353000004, 5.490912177000041]]], [[[73.45932050900007, 5.5417341170000896], [73.45647220100005, 5.542629299000055], [73.45630944100003, 5.542669989000046], [73.46241295700008, 5.54360586100006], [73.45932050900007, 5.5417341170000896]]], [[[73.00375410200007, 5.711127020000049], [73.00318444100003, 5.708726304000038], [73.00228925900007, 5.707098700000074], [72.99976647200003, 5.706976630000042], [72.99878991000008, 5.711981512000079], [73.00017337300005, 5.71320221600007], [73.00082441500007, 5.713120835000041], [73.00277754000007, 5.712836005000042], [73.00562584700003, 5.713324286000045], [73.00375410200007, 5.711127020000049]]], [[[72.94939212300005, 6.349676825000074], [72.95093834700003, 6.347723700000074], [72.95118248800003, 6.347601630000042], [72.95297285200007, 6.346625067000048], [72.95337975400008, 6.346258856000077], [72.95394941500007, 6.345607815000051], [72.95313561300003, 6.343491929000038], [72.94849694100003, 6.344427802000041], [72.94776451900003, 6.345933335000041], [72.94898522200003, 6.348049221000053], [72.94939212300005, 6.349798895000049], [72.94939212300005, 6.349676825000074]]], [[[72.89421634200005, 6.4499372420000896], [72.89616946700005, 6.448879299000055], [72.89690188900005, 6.448187567000048], [72.89722741000008, 6.44790273600006], [72.89633222700007, 6.4457868510000935], [72.89177493600005, 6.44672272300005], [72.89161217500003, 6.447007554000038], [72.89087975400008, 6.448228257000039], [72.89210045700008, 6.450262762000079], [72.89258873800003, 6.452093817000048], [72.89421634200005, 6.4499372420000896]]], [[[72.17261803500008, 10.82998281500005], [72.17904707100007, 10.84870026200008], [72.18515058700007, 10.858303127000056], [72.18930097700007, 10.864935614000046], [72.19564863400007, 10.872707424000055], [72.20004316500007, 10.878119208000044], [72.20004316500007, 10.864447333000044], [72.18816165500004, 10.836127020000049], [72.17269941500007, 10.80923086100006], [72.17261803500008, 10.82998281500005]]], [[[67.39039147200003, 24.049261786000045], [67.41325931100005, 24.048773505000042], [67.45801842500003, 24.06273021000004], [67.47779381600003, 24.051214911000045], [67.48528079500005, 24.048488674000055], [67.46517988400007, 24.04059479400007], [67.46078535200007, 24.026678778000075], [67.45394941500007, 24.013413804000038], [67.42693118600005, 24.007513739000046], [67.40943444100003, 24.013495184000078], [67.39340254000007, 24.02806224200009], [67.38542728000004, 24.040187893000052], [67.38152103000004, 24.046210028000075], [67.37549889400003, 24.06273021000004], [67.39039147200003, 24.049261786000045]]], [[[73.63453209700003, 5.410956122000073], [73.63672936300003, 5.402899481000077], [73.63591556100005, 5.394476630000042], [73.63249759200005, 5.38625722900008], [73.63249759200005, 5.3860537780000755], [73.62777754000007, 5.413275458000044], [73.62956790500004, 5.418524481000077], [73.63453209700003, 5.410956122000073]]], [[[73.00554446700005, 5.463120835000041], [73.00416100400008, 5.4614118510000935], [73.00261478000004, 5.457586981000077], [73.00098717500003, 5.456244208000044], [72.99903405000003, 5.461086330000057], [73.00001061300003, 5.4624697940000715], [73.00277754000007, 5.4624697940000715], [73.00562584700003, 5.46320221600007], [73.00554446700005, 5.463120835000041]]], [[[72.88249759200005, 5.492010809000078], [72.88184655000003, 5.490057684000078], [72.88111412900008, 5.488470770000049], [72.87916100400008, 5.4878604190000715], [72.87769616000008, 5.492092190000051], [72.87875410200007, 5.493150132000039], [72.88119550900007, 5.493231512000079], [72.88396243600005, 5.494086005000042], [72.88249759200005, 5.492010809000078]]], [[[73.01897220100005, 5.6176618510000935], [73.01734459700003, 5.6157087260000935], [73.01685631600003, 5.6137556010000935], [73.01612389400003, 5.612250067000048], [73.01417076900003, 5.6115990260000785], [73.01400800900007, 5.611558335000041], [73.01286868600005, 5.6157087260000935], [73.01392662900008, 5.616888739000046], [73.01644941500007, 5.616888739000046], [73.01905358200008, 5.61782461100006], [73.01897220100005, 5.6176618510000935]]], [[[73.01319420700008, 5.675034898000092], [73.01246178500008, 5.673000393000052], [73.01189212300005, 5.671535549000055], [73.00977623800003, 5.670843817000048], [73.00855553500008, 5.674994208000044], [73.00977623800003, 5.67609284100007], [73.01205488400007, 5.6762556010000935], [73.01465905000003, 5.676988023000092], [73.01319420700008, 5.675034898000092]]], [[[73.39242597700007, 5.7368024760000935], [73.38070722700007, 5.714585679000038], [73.38062584700003, 5.714748440000051], [73.37981204500005, 5.715073960000041], [73.37956790500004, 5.71515534100007], [73.38257897200003, 5.72211334800005], [73.39283287900008, 5.737697658000059], [73.39242597700007, 5.7368024760000935]]], [[[72.98585045700008, 5.765570380000042], [72.98275800900007, 5.762518622000073], [72.98682701900003, 5.770738023000092], [72.98585045700008, 5.765570380000042]]], [[[73.38233483200008, 5.794745184000078], [73.38266035200007, 5.791693427000041], [73.38428795700008, 5.789252020000049], [73.38453209700003, 5.786932684000078], [73.38070722700007, 5.784125067000048], [73.37680097700007, 5.787339585000041], [73.37769616000008, 5.7895368510000935], [73.38021894600007, 5.791693427000041], [73.38233483200008, 5.794989325000074], [73.38233483200008, 5.794745184000078]]], [[[72.97510826900003, 5.80455149900007], [72.97510826900003, 5.804429429000038], [72.97242272200003, 5.807033596000053], [72.97095787900008, 5.808417059000078], [72.97103925900007, 5.810451565000051], [72.97380618600005, 5.811712958000044], [72.97657311300003, 5.813625393000052], [72.97510826900003, 5.80455149900007]]], [[[73.43376712300005, 5.830877997000073], [73.43344160200007, 5.83071523600006], [73.43897545700008, 5.838283596000053], [73.44312584700003, 5.84125397300005], [73.44654381600003, 5.841498114000046], [73.44979902400007, 5.840725002000056], [73.43376712300005, 5.830877997000073]]], [[[72.96371504000007, 5.864040432000081], [72.96648196700005, 5.85024648600006], [72.96265709700003, 5.853461005000042], [72.96192467500003, 5.856675523000092], [72.96363366000008, 5.864325262000079], [72.96371504000007, 5.864040432000081]]], [[[73.42904707100007, 5.911200262000079], [73.42847741000008, 5.908596096000053], [73.42847741000008, 5.906195380000042], [73.42847741000008, 5.904445705000057], [73.42628014400003, 5.903265692000048], [73.42318769600007, 5.90688711100006], [73.42408287900008, 5.908433335000041], [73.42660566500007, 5.9094912780000755], [73.42904707100007, 5.911363023000092], [73.42904707100007, 5.911200262000079]]], [[[72.93018639400003, 5.956935940000051], [72.92579186300003, 5.963283596000053], [72.92644290500004, 5.966294664000088], [72.93165123800003, 5.96906159100007], [72.93018639400003, 5.956935940000051]]], [[[73.39533279100004, 5.957801545000052], [73.38672936300003, 5.961981512000079], [73.38453209700003, 5.964748440000051], [73.38982181100005, 5.9702822940000715], [73.39533279100004, 5.957801545000052]]], [[[72.91561933700007, 5.981268622000073], [72.91382897200003, 5.979641018000052], [72.91342207100007, 5.977362372000073], [72.91285241000008, 5.976304429000038], [72.91138756600003, 5.977077541000085], [72.90984134200005, 5.977932033000059], [72.90967858200008, 5.982123114000046], [72.91089928500008, 5.98273346600007], [72.91309655000003, 5.981634833000044], [72.91570071700005, 5.981350002000056], [72.91561933700007, 5.981268622000073]]], [[[73.25066165500004, 6.083278713000084], [73.24903405000003, 6.07953522300005], [73.24545332100007, 6.079779364000046], [73.25074303500008, 6.083400783000059], [73.25066165500004, 6.083278713000084]]], [[[73.25196373800003, 6.111151434000078], [73.24724368600005, 6.107977606000077], [73.24683678500008, 6.10773346600007], [73.24887129000007, 6.110174872000073], [73.25212649800005, 6.111232815000051], [73.25196373800003, 6.111151434000078]]], [[[73.22038821700005, 6.131984768000052], [73.21900475400008, 6.129299221000053], [73.21517988400007, 6.128566799000055], [73.22046959700003, 6.132066148000092], [73.22038821700005, 6.131984768000052]]], [[[73.27019290500004, 6.156805731000077], [73.26880944100003, 6.154486395000049], [73.26807701900003, 6.152411200000074], [73.26726321700005, 6.150946356000077], [73.26531009200005, 6.1506615260000785], [73.26514733200008, 6.150620835000041], [73.26539147200003, 6.153550523000092], [73.26661217500003, 6.154852606000077], [73.26823978000004, 6.1555850280000755], [73.27027428500008, 6.156927802000041], [73.27019290500004, 6.156805731000077]]], [[[73.21892337300005, 6.172267971000053], [73.21404056100005, 6.168768622000073], [73.21583092500003, 6.1712100280000755], [73.21908613400007, 6.1723493510000935], [73.21892337300005, 6.172267971000053]]], [[[73.26807701900003, 6.178697007000039], [73.26539147200003, 6.182766018000052], [73.26596113400007, 6.18500397300005], [73.26840254000007, 6.1868350280000755], [73.27084394600007, 6.189439195000091], [73.26807701900003, 6.178697007000039]]], [[[73.03402754000007, 6.2222354190000715], [73.02914472700007, 6.218980210000041], [73.02898196700005, 6.218817450000074], [73.03044681100005, 6.22101471600007], [73.03419030000003, 6.222357489000046], [73.03402754000007, 6.2222354190000715]]], [[[73.24219811300003, 6.236476955000057], [73.24366295700008, 6.234035549000055], [73.24390709700003, 6.231634833000044], [73.24024498800003, 6.228949286000045], [73.23633873800003, 6.232123114000046], [73.23707116000008, 6.234279690000051], [73.23975670700008, 6.236476955000057], [73.24170983200008, 6.23969147300005], [73.24219811300003, 6.236476955000057]]], [[[73.12614993600005, 6.284002997000073], [73.12305748800003, 6.283351955000057], [73.12289472700007, 6.283351955000057], [73.12842858200008, 6.286851304000038], [73.12614993600005, 6.284002997000073]]], [[[73.21517988400007, 6.294663804000038], [73.21306399800005, 6.289211330000057], [73.20915774800005, 6.2866885440000715], [73.20875084700003, 6.2864444030000755], [73.20932050900007, 6.286851304000038], [73.21517988400007, 6.294826565000051], [73.21517988400007, 6.294663804000038]]], [[[73.08326256600003, 6.30845774900007], [73.08139082100007, 6.305609442000048], [73.07846113400007, 6.305121161000045], [73.07813561300003, 6.305080471000053], [73.08334394600007, 6.308579820000091], [73.08326256600003, 6.30845774900007]]], [[[73.19711347700007, 6.327297268000052], [73.19825280000003, 6.3246931010000935], [73.19931074300007, 6.324204820000091], [73.20036868600005, 6.323716539000088], [73.20191491000008, 6.322170315000051], [73.20101972700007, 6.318264065000051], [73.19507897200003, 6.3196475280000755], [73.19499759200005, 6.319932359000063], [73.19418379000007, 6.3216006530000755], [73.19597415500004, 6.324286200000074], [73.19703209700003, 6.3274600280000755], [73.19711347700007, 6.327297268000052]]], [[[73.12419681100005, 6.332261460000041], [73.11963951900003, 6.329169012000079], [73.11931399800005, 6.328924872000073], [73.12094160200007, 6.331040757000039], [73.12452233200008, 6.3325056010000935], [73.12419681100005, 6.332261460000041]]], [[[73.18490644600007, 6.34906647300005], [73.18360436300003, 6.347316799000055], [73.18213951900003, 6.34634023600006], [73.18018639400003, 6.34711334800005], [73.18100019600007, 6.349839585000041], [73.18262780000003, 6.350490627000056], [73.18482506600003, 6.3503278670000896], [73.18726647200003, 6.350775458000044], [73.18490644600007, 6.34906647300005]]], [[[73.02182050900007, 6.3667666690000715], [73.02393639400003, 6.36587148600006], [73.02491295700008, 6.3648135440000715], [73.02418053500008, 6.362697658000059], [73.01929772200003, 6.36359284100007], [73.01872806100005, 6.365220445000091], [73.01986738400007, 6.367173570000091], [73.02051842500003, 6.368963934000078], [73.02182050900007, 6.3667666690000715]]], [[[72.68881269600007, 6.4097354190000715], [72.68718509200005, 6.407416083000044], [72.68588300900007, 6.406480210000041], [72.68482506600003, 6.408392645000049], [72.68588300900007, 6.411607164000088], [72.68751061300003, 6.412258205000057], [72.68913821700005, 6.411607164000088], [72.69084720100005, 6.41156647300005], [72.68881269600007, 6.4097354190000715]]], [[[72.90447024800005, 6.4379743510000935], [72.90642337300005, 6.436916408000059], [72.90691165500004, 6.436428127000056], [72.90748131600003, 6.43585846600007], [72.90658613400007, 6.433823960000041], [72.90202884200005, 6.434759833000044], [72.90186608200008, 6.435044664000088], [72.90113366000008, 6.436346747000073], [72.90219160200007, 6.438299872000073], [72.90284264400003, 6.4401716170000896], [72.90447024800005, 6.4379743510000935]]], [[[73.04623457100007, 6.4362653670000896], [73.04330488400007, 6.4338646510000785], [73.04314212300005, 6.433701890000066], [73.04881327800007, 6.4413421960000505], [73.04623457100007, 6.4362653670000896]]], [[[72.95997155000003, 6.557521877000056], [72.95899498800003, 6.555487372000073], [72.95801842500003, 6.554348049000055], [72.95582116000008, 6.55532461100006], [72.95679772200003, 6.56000397300005], [72.95834394600007, 6.560695705000057], [72.96021569100003, 6.559515692000048], [72.96208743600005, 6.559027411000045], [72.95997155000003, 6.557521877000056]]], [[[72.92554772200003, 6.563055731000077], [72.92750084700003, 6.5620791690000715], [72.92872155000003, 6.561102606000077], [72.92774498800003, 6.558946031000062], [72.92310631600003, 6.5598819030000755], [72.92253665500004, 6.561509507000039], [72.92351321700005, 6.563381252000056], [72.92400149800005, 6.565252997000073], [72.92554772200003, 6.563055731000077]]], [[[73.02987714900007, 6.582180080000057], [73.02947024800005, 6.5796572940000715], [73.03012129000007, 6.577541408000059], [73.03036543100006, 6.576117255000042], [73.02816816500007, 6.575181382000039], [73.02735436300003, 6.57648346600007], [73.02556399800005, 6.579250393000052], [73.02613366000008, 6.5807966170000896], [73.02833092500003, 6.5813662780000755], [73.02995853000004, 6.58234284100007], [73.02987714900007, 6.582180080000057]]], [[[73.04265384200005, 6.620347398000092], [73.04151451900003, 6.618353583000044], [73.04070071700005, 6.617173570000091], [73.03842207100007, 6.618150132000039], [73.03939863400007, 6.622870184000078], [73.04102623800003, 6.623602606000077], [73.04297936300003, 6.62250397300005], [73.04476972700007, 6.621893622000073], [73.04265384200005, 6.620347398000092]]], [[[73.06177819100003, 6.660956122000073], [73.06226647200003, 6.666896877000056], [73.06413821700005, 6.668402411000045], [73.06666100400008, 6.668117580000057], [73.06950931100005, 6.667954820000091], [73.06177819100003, 6.660956122000073]]], [[[73.10352623800003, 6.705877997000073], [73.10230553500008, 6.702337958000044], [73.10043379000007, 6.699774481000077], [73.09587649800005, 6.698431708000044], [73.09669030000003, 6.706122137000079], [73.09929446700005, 6.708929755000042], [73.10596764400003, 6.709947007000039], [73.10352623800003, 6.705877997000073]]], [[[73.03614342500003, 6.757106838000084], [73.03622480600006, 6.756781317000048], [73.03679446700005, 6.755072333000044], [73.03687584700003, 6.7534854190000715], [73.03467858200008, 6.75259023600006], [73.03386478000004, 6.753851630000042], [73.03199303500008, 6.7565778670000896], [73.03288821700005, 6.758246161000045], [73.03484134200005, 6.758734442000048], [73.03663170700008, 6.759711005000042], [73.03614342500003, 6.757106838000084]]], [[[72.91651451900003, 6.7624372420000896], [72.91537519600007, 6.760443427000041], [72.91431725400008, 6.75922272300005], [72.91236412900008, 6.76007721600007], [72.91228274800005, 6.760158596000053], [72.91325931100005, 6.764878648000092], [72.91488691500007, 6.765570380000042], [72.91675866000008, 6.764471747000073], [72.91846764400003, 6.76398346600007], [72.91651451900003, 6.7624372420000896]]], [[[73.16423587300005, 6.787054755000042], [73.16553795700008, 6.7856306010000935], [73.16553795700008, 6.783148505000042], [73.16651451900003, 6.780340887000079], [73.15284264400003, 6.749212958000044], [73.14478600400008, 6.735541083000044], [73.13184655000003, 6.725165106000077], [73.13168379000007, 6.725043036000045], [73.13599694100003, 6.741197007000039], [73.15251712300005, 6.76821523600006], [73.15951582100007, 6.786525783000059], [73.16423587300005, 6.787054755000042]]], [[[73.19727623800003, 6.828111070000091], [73.18946373800003, 6.822821356000077], [73.18376712300005, 6.821153062000064], [73.18083743600005, 6.823431708000044], [73.18165123800003, 6.830511786000045], [73.19727623800003, 6.828111070000091]]], [[[72.99366295700008, 6.839911200000074], [72.99244225400008, 6.837876695000091], [72.99154707100007, 6.836737372000073], [72.98943118600005, 6.837632554000038], [72.99024498800003, 6.84243398600006], [72.99203535200007, 6.843003648000092], [72.99390709700003, 6.841986395000049], [72.99569746200007, 6.841457424000055], [72.99366295700008, 6.839911200000074]]], [[[73.14226321700005, 6.841864325000074], [73.14128665500004, 6.839911200000074], [73.14031009200005, 6.838690497000073], [73.13803144600007, 6.839667059000078], [73.13900800900007, 6.844427802000041], [73.14063561300003, 6.8450381530000755], [73.14258873800003, 6.843939520000049], [73.14437910200007, 6.843410549000055], [73.14226321700005, 6.841864325000074]]], [[[72.97559655000003, 6.850287177000041], [72.97624759200005, 6.8481306010000935], [72.97632897200003, 6.846665757000039], [72.97413170700008, 6.845851955000057], [72.97152754000007, 6.849758205000057], [72.97234134200005, 6.851385809000078], [72.97437584700003, 6.851996161000045], [72.97608483200008, 6.8528506530000755], [72.97559655000003, 6.850287177000041]]], [[[73.09807376400005, 6.852118231000077], [73.09603925900007, 6.850572007000039], [73.09506269600007, 6.848700262000079], [73.09400475400008, 6.847560940000051], [73.09278405000003, 6.84796784100007], [73.09180748800003, 6.848334052000041], [73.09294681100005, 6.8530947940000715], [73.09449303500008, 6.85382721600007], [73.09636478000004, 6.852769273000092], [73.09815514400003, 6.85219961100006], [73.09807376400005, 6.852118231000077]]], [[[72.96265709700003, 6.859198309000078], [72.96143639400003, 6.857326565000051], [72.96062259200005, 6.856024481000077], [72.95875084700003, 6.856838283000059], [72.95850670700008, 6.85696035400008], [72.95834394600007, 6.8570010440000715], [72.95923912900008, 6.86163971600007], [72.96111087300005, 6.862453518000052], [72.96290123800003, 6.861314195000091], [72.96469160200007, 6.8606631530000755], [72.96265709700003, 6.859198309000078]]], [[[73.10572350400008, 6.894029039000088], [73.10629316500007, 6.8919131530000755], [73.10653730600006, 6.890529690000051], [73.10661868600005, 6.890448309000078], [73.10434004000007, 6.889553127000056], [73.10173587300005, 6.893540757000039], [73.10230553500008, 6.895209052000041], [73.10450280000003, 6.895738023000092], [73.10621178500008, 6.896714585000041], [73.10572350400008, 6.894029039000088]]], [[[73.21306399800005, 6.90460846600007], [73.20875084700003, 6.8910993510000935], [73.20394941500007, 6.884955145000049], [73.20101972700007, 6.893133856000077], [73.20191491000008, 6.902248440000051], [73.20492597700007, 6.911769924000055], [73.20915774800005, 6.91828034100007], [73.21404056100005, 6.91860586100006], [73.21306399800005, 6.90460846600007]]], [[[72.92595462300005, 6.957017320000091], [72.92628014400003, 6.953802802000041], [72.92458500800007, 6.951704061000044], [72.92595462300005, 6.957424221000053], [72.92595462300005, 6.957017320000091]]], [[[73.19467207100007, 6.951239325000074], [73.19385826900003, 6.950995184000078], [73.19336998800003, 6.950995184000078], [73.19320722700007, 6.950995184000078], [73.19304446700005, 6.951076565000051], [73.19255618600005, 6.951239325000074], [73.19190514400003, 6.9516462260000935], [73.19117272200003, 6.961330471000053], [73.19190514400003, 6.967596747000073], [73.19410241000008, 6.970892645000049], [73.19849694100003, 6.97134023600006], [73.19467207100007, 6.951239325000074]]], [[[72.89193769600007, 6.987697658000059], [72.89047285200007, 6.985419012000079], [72.89193769600007, 6.991034247000073], [72.89193769600007, 6.987697658000059]]], [[[72.97974694100003, 7.027533270000049], [72.98145592500003, 7.01398346600007], [72.97730553500008, 7.019029039000088], [72.97722415500004, 7.022609768000052], [72.97974694100003, 7.027736721000053], [72.97974694100003, 7.027533270000049]]], [[[72.94996178500008, 7.0564232440000865], [72.94849694100003, 7.050848700000074], [72.94776451900003, 7.053900458000044], [72.94996178500008, 7.056545315000051], [72.94996178500008, 7.0564232440000865]]], [[[72.91285241000008, 7.092596747000073], [72.91187584700003, 7.083197333000044], [72.90642337300005, 7.089016018000052], [72.90658613400007, 7.091009833000044], [72.90967858200008, 7.091620184000078], [72.91285241000008, 7.092718817000048], [72.91285241000008, 7.092596747000073]]], [[[72.88453209700003, 7.105698960000041], [72.88453209700003, 7.103705145000049], [72.88249759200005, 7.101629950000074], [72.88379967500003, 7.107245184000078], [72.88453209700003, 7.105698960000041]]]]}}, {"type": "Feature", "properties": {"featurecla": "Land", "scalerank": 5, "min_zoom": 4.0}, "geometry": {"type": "MultiPolygon", "coordinates": [[[[73.08179772200003, 8.315822658000059], [73.08301842500003, 8.31435781500005], [73.08301842500003, 8.311672268000052], [73.08399498800003, 8.30849844000005], [73.06609134200005, 8.270453192000048], [73.05665123800003, 8.25999583500004], [73.04468834700003, 8.252427476000037], [73.03272545700008, 8.249497789000088], [73.02409915500004, 8.255438544000071], [73.02247155000003, 8.274359442000048], [73.02930748800003, 8.274359442000048], [73.02930748800003, 8.274115302000041], [73.02898196700005, 8.263413804000038], [73.02930748800003, 8.25999583500004], [73.04835045700008, 8.26756419500009], [73.06316165500004, 8.279486395000049], [73.07300866000008, 8.295396226000037], [73.07715905000003, 8.315252997000073], [73.08179772200003, 8.315822658000059]]], [[[79.70297285200007, 9.07998281500005], [79.69800866000008, 9.089585679000038], [79.70118248800003, 9.099188544000071], [79.71412194100003, 9.103583075000074], [79.75879967500003, 9.103583075000074], [79.77857506600003, 9.098537502000056], [79.79900149800005, 9.093329169000071], [79.84164472700007, 9.07721588700008], [79.88233483200008, 9.05377838700008], [79.91643313900005, 9.02102285400008], [79.90007571700005, 9.02440013200004], [79.87126712300005, 9.038560289000088], [79.85434004000007, 9.041489976000037], [79.88030032600005, 9.012193101000037], [79.90072675900007, 8.989081122000073], [79.90967858200008, 8.973211981000077], [79.88575280000003, 8.976223049000055], [79.87012780000003, 8.98818594000005], [79.85938561300003, 9.001206773000092], [79.85132897200003, 9.007391669000071], [79.84099368600005, 9.012600002000056], [79.79981530000003, 9.048976955000057], [79.77938886800007, 9.058010158000059], [79.75896243600005, 9.06704336100006], [79.74398847700007, 9.071071682000081], [79.73601321700005, 9.07322825700004], [79.71412194100003, 9.07562897300005], [79.70297285200007, 9.07998281500005]]], [[[79.88038170700008, 9.628607489000046], [79.86491946700005, 9.651516018000052], [79.84066816500007, 9.699408270000049], [79.85173587300005, 9.716538804000038], [79.85425866000008, 9.738470770000049], [79.86052493600005, 9.756252346000053], [79.88233483200008, 9.760891018000052], [79.89389082100007, 9.757432359000063], [79.89405358200008, 9.757391669000071], [79.89503014400003, 9.748968817000048], [79.89112389400003, 9.737209377000056], [79.88843834700003, 9.72361888200004], [79.88884524800005, 9.709906317000048], [79.89031009200005, 9.698960679000038], [79.89039147200003, 9.69830963700008], [79.89128665500004, 9.696112372000073], [79.89470462300005, 9.688177802000041], [79.89926191500007, 9.683010158000059], [79.90284264400003, 9.678941148000092], [79.90707441500007, 9.677883205000057], [79.92644290500004, 9.678941148000092], [79.92969811300003, 9.675970770000049], [79.93116295700008, 9.660956122000073], [79.93360436300003, 9.654730536000045], [79.94499759200005, 9.647609768000052], [79.96045983200008, 9.641058661000045], [79.97339928500008, 9.63377513200004], [79.97445722700007, 9.63149648600006], [79.97787519600007, 9.624335028000075], [79.97095787900008, 9.617254950000074], [79.95777428500008, 9.61717357000009], [79.94361412900008, 9.621527411000045], [79.93360436300003, 9.627752997000073], [79.92652428500008, 9.629461981000077], [79.90853925900007, 9.618963934000078], [79.89584394600007, 9.61749909100007], [79.88038170700008, 9.628607489000046]]], [[[72.78923587300005, 11.261664130000042], [72.79590905000003, 11.261664130000042], [72.79558353000004, 11.257228908000059], [72.79395592500003, 11.254299221000053], [72.79151451900003, 11.251654364000046], [72.78907311300003, 11.24803294500009], [72.78793379000007, 11.232245184000078], [72.78492272200003, 11.216376044000071], [72.77548261800007, 11.186753648000092], [72.77540123800003, 11.18659088700008], [72.77116946700005, 11.201117255000042], [72.77035566500007, 11.203640041000085], [72.77418053500008, 11.22288646000004], [72.78907311300003, 11.261664130000042], [72.78923587300005, 11.261664130000042]]]]}}, {"type": "Feature", "properties": {"featurecla": "Land", "scalerank": 0, "min_zoom": 1.0}, "geometry": {"type": "Polygon", "coordinates": [[[81.87842858200008, 7.076117255000042], [81.88868248800003, 7.040757554000038], [81.89031009200005, 7.019924221000053], [81.88461347700007, 6.980169989000046], [81.83855228000004, 6.821437893000052], [81.83594811300003, 6.805080471000053], [81.83497155000003, 6.783433335000041], [81.83155358200008, 6.765366929000038], [81.81714928500008, 6.737494208000044], [81.81397545700008, 6.725043036000045], [81.80827884200005, 6.707953192000048], [81.78891035200007, 6.677801825000074], [81.77979576900003, 6.6636416690000715], [81.78663170700008, 6.639268296000068], [81.77564537900008, 6.610419012000079], [81.68148847700007, 6.462144273000092], [81.65007571700005, 6.430853583000044], [81.59205162900008, 6.389878648000092], [81.57309004000007, 6.38422272300005], [81.54769941500007, 6.3706729190000715], [81.36207116000008, 6.225409247000073], [81.32496178500008, 6.20538971600007], [81.20435631600003, 6.16274648600006], [81.20272871200007, 6.17719147300005], [81.20264733200008, 6.17804596600007], [81.19548587300005, 6.183661200000074], [81.19532311300003, 6.1836205100000825], [81.19369550900007, 6.183213609000063], [81.18767337300005, 6.181586005000042], [81.18384850400008, 6.173570054000038], [81.18189537900008, 6.1567243510000935], [81.17644290500004, 6.150376695000091], [81.16765384200005, 6.1480166690000715], [81.15601647200003, 6.14288971600007], [81.13428795700008, 6.129828192000048], [81.11255944100003, 6.120306708000044], [81.00847415500004, 6.098049221000053], [80.95801842500003, 6.0807966170000896], [80.90267988400007, 6.0707868510000935], [80.87745201900003, 6.061102606000077], [80.86231530000003, 6.039862372000073], [80.83521569100003, 6.045152085000041], [80.81853274800005, 6.038763739000046], [80.80909264400003, 6.035101630000042], [80.77059980600006, 6.006740627000056], [80.73210696700005, 5.978420315000051], [80.71436608200008, 5.957912502000056], [80.67335045700008, 5.960353908000059], [80.65626061300003, 5.957912502000056], [80.64291425900007, 5.952866929000038], [80.62916100400008, 5.945054429000038], [80.60482832100007, 5.926906643000052], [80.59782962300005, 5.925279039000088], [80.59083092500003, 5.923732815000051], [80.57422936300003, 5.930121161000045], [80.55665123800003, 5.939154364000046], [80.54656009200005, 5.942206122000073], [80.53956139400003, 5.944281317000048], [80.48170006600003, 5.937445380000042], [80.46517988400007, 5.940659898000092], [80.45679772200003, 5.948919989000046], [80.45142662900008, 5.959784247000073], [80.44719485800005, 5.9661319030000755], [80.44402103000004, 5.970933335000041], [80.42709394600007, 5.961086330000057], [80.41195722700007, 5.959947007000039], [80.38502037900008, 5.963812567000048], [80.37859134200005, 5.964748440000051], [80.37378991000008, 5.966864325000074], [80.37045332100007, 5.971584377000056], [80.36622155000003, 5.976263739000046], [80.35840905000003, 5.978420315000051], [80.35377037900008, 5.976792710000041], [80.35010826900003, 5.973537502000056], [80.34620201900003, 5.970770575000074], [80.34099368600005, 5.970933335000041], [80.33920332100007, 5.972398179000038], [80.33757571700005, 5.973822333000044], [80.33122806100005, 5.982814846000053], [80.32813561300003, 5.98468659100007], [80.32732181100005, 5.985256252000056], [80.32024173300005, 5.98773834800005], [80.27751712300005, 6.002997137000079], [80.26002037900008, 6.0065778670000896], [80.24756920700008, 6.009182033000059], [80.22584069100003, 6.026556708000044], [80.22095787900008, 6.028916734000063], [80.21135501400005, 6.033555406000062], [80.21119225400008, 6.033636786000045], [80.20386803500008, 6.026190497000073], [80.18523196700005, 6.041164455000057], [80.10377037900008, 6.127142645000049], [80.09701582100007, 6.1323916690000715], [80.09628339900007, 6.133327541000085], [80.09400475400008, 6.1360537780000755], [80.09278405000003, 6.140285549000055], [80.09310957100007, 6.14874909100007], [80.09058678500008, 6.153143622000073], [80.08716881600003, 6.157578843000067], [80.07813561300003, 6.169338283000059], [80.03199303500008, 6.2663434920000896], [80.03003991000008, 6.27570221600007], [80.03028405000003, 6.284002997000073], [80.03052819100003, 6.292385158000059], [80.02881920700008, 6.297430731000077], [80.02051842500003, 6.314642645000049], [80.01205488400007, 6.361314195000091], [79.99366295700008, 6.3941104190000715], [79.98210696700005, 6.441026109000063], [79.97787519600007, 6.458197333000044], [79.97575931100005, 6.459865627000056], [79.97144616000008, 6.4624697940000715], [79.96697024800005, 6.4663760440000715], [79.96420332100007, 6.471869208000044], [79.96534264400003, 6.477728583000044], [79.97022545700008, 6.47915273600006], [79.97535241000008, 6.478583075000074], [79.97787519600007, 6.478705145000049], [79.97022545700008, 6.531154690000051], [79.96957441500007, 6.535345770000049], [79.94874108200008, 6.588568427000041], [79.86304772200003, 6.807196356000077], [79.84945722700007, 6.882717190000051], [79.84815514400003, 6.8902041690000715], [79.84815514400003, 6.962144273000092], [79.84929446700005, 6.964951890000066], [79.85922285200007, 6.988674221000053], [79.86182701900003, 7.000067450000074], [79.86158287900008, 7.011664130000042], [79.86158287900008, 7.011867580000057], [79.81373131600003, 7.180731512000079], [79.82032311300003, 7.205511786000045], [79.81999759200005, 7.190252997000073], [79.82374108200008, 7.180650132000039], [79.82911217500003, 7.173244533000059], [79.83383222700007, 7.164496161000045], [79.84343509200005, 7.131008205000057], [79.84815514400003, 7.122951565000051], [79.85434004000007, 7.122951565000051], [79.85580488400007, 7.132513739000046], [79.85865319100003, 7.136542059000078], [79.86117597700007, 7.1371931010000935], [79.86182701900003, 7.136664130000042], [79.86158287900008, 7.167222398000092], [79.86158287900008, 7.16742584800005], [79.85938561300003, 7.180812893000052], [79.85434004000007, 7.191839911000045], [79.84961998800003, 7.195054429000038], [79.83643639400003, 7.19790273600006], [79.83057701900003, 7.20180898600006], [79.82992597700007, 7.203192450000074], [79.82634524800005, 7.21039459800005], [79.82797285200007, 7.2183291690000715], [79.83179772200003, 7.225734768000052], [79.83383222700007, 7.232814846000053], [79.78467858200008, 7.589789130000042], [79.77857506600003, 7.602728583000044], [79.78272545700008, 7.607123114000046], [79.78581790500004, 7.607570705000057], [79.79297936300003, 7.602728583000044], [79.79460696700005, 7.620021877000056], [79.79957116000008, 7.64008209800005], [79.80079186300003, 7.649684963000084], [79.80201256600003, 7.659328518000052], [79.79639733200008, 7.674383856000077], [79.78882897200003, 7.688177802000041], [79.78736412900008, 7.697333075000074], [79.78589928500008, 7.70648834800005], [79.78598066500007, 7.743353583000044], [79.76295006600003, 7.855454820000091], [79.76026451900003, 7.868394273000092], [79.74838300900007, 7.893011786000045], [79.73829186300003, 7.944728908000059], [79.72193444100003, 7.985541083000044], [79.69678795700008, 8.09829336100006], [79.69678795700008, 8.13031647300005], [79.70085696700005, 8.128485419000071], [79.70110110800005, 8.128200588000084], [79.70142662900008, 8.12791575700004], [79.70142662900008, 8.126898505000042], [79.70362389400003, 8.123480536000045], [79.70720462300005, 8.142075914000088], [79.70191491000008, 8.20115794500009], [79.69678795700008, 8.21906159100007], [79.71322675900007, 8.229803778000075], [79.72877037900008, 8.249701239000046], [79.74000084700003, 8.272365627000056], [79.74447675900007, 8.291408596000053], [79.74903405000003, 8.303859768000052], [79.77857506600003, 8.350043036000045], [79.77824954500005, 8.349269924000055], [79.76335696700005, 8.314398505000042], [79.74447675900007, 8.28115469000005], [79.74862714900007, 8.273057359000063], [79.74968509200005, 8.271063544000071], [79.75709069100003, 8.263739325000074], [79.76677493600005, 8.259914455000057], [79.77857506600003, 8.25999583500004], [79.76889082100007, 8.232814846000053], [79.75879967500003, 8.21287669500009], [79.75440514400003, 8.209418036000045], [79.74976647200003, 8.208929755000042], [79.74610436300003, 8.20612213700008], [79.74447675900007, 8.195502020000049], [79.74537194100003, 8.17186107000009], [79.74447675900007, 8.164496161000045], [79.72754967500003, 8.110907294000071], [79.72820071700005, 8.100978908000059], [79.72950280000003, 8.08112213700008], [79.74699954500005, 8.060492255000042], [79.75196373800003, 8.054632880000042], [79.73194420700008, 8.01312897300005], [79.76384524800005, 7.990139065000051], [79.81023196700005, 7.986517645000049], [79.83383222700007, 8.003078518000052], [79.82935631600003, 8.020900783000059], [79.82178795700008, 8.034857489000046], [79.81885826900003, 8.040187893000052], [79.81527754000007, 8.044582424000055], [79.80640709700003, 8.05565013200004], [79.79639733200008, 8.061997789000088], [79.79346764400003, 8.072821356000077], [79.82715905000003, 8.136542059000078], [79.82585696700005, 8.148098049000055], [79.82154381600003, 8.156642971000053], [79.81657962300005, 8.163804429000038], [79.81348717500003, 8.171291408000059], [79.81267337300005, 8.183335679000038], [79.81381269600007, 8.20408763200004], [79.81348717500003, 8.212632554000038], [79.81348717500003, 8.21287669500009], [79.81291751400005, 8.214504299000055], [79.81023196700005, 8.221625067000048], [79.80860436300003, 8.223089911000045], [79.80665123800003, 8.22492096600007], [79.80469811300003, 8.228989976000037], [79.80665123800003, 8.240179755000042], [79.81137129000007, 8.249660549000055], [79.82447350400008, 8.26666901200008], [79.82715905000003, 8.277736721000053], [79.82927493600005, 8.298651434000078], [79.83863366000008, 8.340521552000041], [79.84815514400003, 8.438177802000041], [79.85425866000008, 8.449286200000074], [79.86085045700008, 8.454779364000046], [79.86589603000004, 8.461411851000037], [79.86801191500007, 8.47601959800005], [79.86801191500007, 8.517645575000074], [79.87378991000008, 8.53807200700004], [79.88738040500004, 8.551214911000045], [79.90349368600005, 8.562079169000071], [79.91651451900003, 8.575995184000078], [79.91814212300005, 8.580918687000064], [79.92807050900007, 8.611517645000049], [79.92945397200003, 8.61281972900008], [79.93018639400003, 8.61351146000004], [79.93238366000008, 8.622463283000059], [79.94166100400008, 8.64248281500005], [79.95053144600007, 8.739813544000071], [79.92644290500004, 8.801906643000052], [79.92839603000004, 8.812689520000049], [79.93018639400003, 8.883490302000041], [79.93018639400003, 8.884426174000055], [79.92774498800003, 8.90810781500005], [79.92481530000003, 8.919745184000078], [79.91960696700005, 8.928534247000073], [79.91553795700008, 8.93854401200008], [79.92481530000003, 8.943508205000057], [79.93824303500008, 8.945990302000041], [79.94711347700007, 8.94867584800005], [80.00513756600003, 9.000555731000077], [80.03541100400008, 9.015326239000046], [80.04802493600005, 9.026271877000056], [80.05469811300003, 9.050604559000078], [80.06666100400008, 9.07562897300005], [80.07349694100003, 9.11041901200008], [80.10564212300005, 9.192857164000088], [80.10678144600007, 9.197414455000057], [80.10979251400005, 9.209458726000037], [80.11597741000008, 9.23383209800005], [80.11597741000008, 9.291937567000048], [80.11817467500003, 9.300441799000055], [80.11622155000003, 9.306219794000071], [80.10450280000003, 9.308417059000078], [80.07691491000008, 9.322658596000053], [80.06617272200003, 9.332586981000077], [80.05941816500007, 9.351385809000078], [80.05827884200005, 9.354803778000075], [80.05347741000008, 9.378241278000075], [80.05298912900008, 9.391546942000048], [80.06495201900003, 9.404038804000038], [80.08708743600005, 9.414984442000048], [80.11166425900007, 9.422756252000056], [80.13184655000003, 9.425726630000042], [80.14087975400008, 9.43032461100006], [80.16285241000008, 9.45921458500004], [80.16537519600007, 9.461086330000057], [80.16920006600003, 9.464016018000052], [80.17652428500008, 9.468329169000071], [80.18555748800003, 9.47166575700004], [80.19703209700003, 9.473456122000073], [80.18751061300003, 9.49087148600006], [80.18181399800005, 9.498521226000037], [80.17603600400008, 9.50617096600007], [80.16130618600005, 9.52057526200008], [80.14185631600003, 9.534979559000078], [80.06788170700008, 9.57802969000005], [80.05298912900008, 9.596380927000041], [80.08521569100003, 9.595363674000055], [80.11573326900003, 9.583238023000092], [80.17595462300005, 9.548570054000038], [80.23340905000003, 9.53424713700008], [80.24854576900003, 9.524644273000092], [80.27222741000008, 9.50413646000004], [80.27808678500008, 9.493312893000052], [80.26587975400008, 9.487127997000073], [80.26856530000003, 9.480292059000078], [80.27214603000004, 9.473456122000073], [80.26587975400008, 9.46670156500005], [80.28687584700003, 9.452704169000071], [80.33627363400007, 9.464667059000078], [80.42660566500007, 9.500189520000049], [80.45093834700003, 9.497870184000078], [80.50424238400007, 9.483303127000056], [80.56714928500008, 9.455226955000057], [80.61459394600007, 9.446193752000056], [80.61475670700008, 9.446193752000056], [80.54672285200007, 9.49241771000004], [80.52328535200007, 9.503159898000092], [80.50245201900003, 9.507635809000078], [80.49935957100007, 9.509059963000084], [80.49634850400008, 9.51048411700009], [80.47828209700003, 9.52407461100006], [80.47144616000008, 9.52806224200009], [80.46461022200003, 9.529120184000078], [80.45639082100007, 9.528713283000059], [80.44402103000004, 9.52806224200009], [80.43620853000004, 9.525091864000046], [80.43506920700008, 9.523382880000042], [80.43287194100003, 9.51976146000004], [80.42896569100003, 9.517767645000049], [80.41570071700005, 9.527492580000057], [80.41041100400008, 9.52838776200008], [80.37794030000003, 9.527533270000049], [80.36866295700008, 9.530218817000048], [80.29753665500004, 9.59125397300005], [80.26693769600007, 9.610825914000088], [80.25603274800005, 9.615586656000062], [80.20460045700008, 9.637884833000044], [80.18604576900003, 9.648504950000074], [80.17359459700003, 9.64866771000004], [80.17595462300005, 9.624335028000075], [80.18287194100003, 9.61717357000009], [80.19361412900008, 9.609076239000046], [80.19996178500008, 9.599188544000071], [80.19361412900008, 9.586411851000037], [80.18604576900003, 9.584133205000057], [80.17872155000003, 9.588039455000057], [80.17204837300005, 9.593573309000078], [80.15284264400003, 9.603461005000042], [80.11548912900008, 9.63572825700004], [80.09400475400008, 9.64484284100007], [80.09408613400007, 9.64476146000004], [80.10499108200008, 9.632879950000074], [80.12468509200005, 9.616034247000073], [80.13559004000007, 9.60382721600007], [80.11133873800003, 9.60846588700008], [80.08741295700008, 9.618353583000044], [80.03931725400008, 9.64484284100007], [80.00098717500003, 9.674709377000056], [79.97820071700005, 9.68268463700008], [79.97592207100007, 9.684068101000037], [79.96729576900003, 9.689601955000057], [79.95923912900008, 9.69281647300005], [79.95801842500003, 9.685736395000049], [79.94703209700003, 9.693182684000078], [79.94288170700008, 9.702826239000046], [79.94092858200008, 9.714341539000088], [79.93702233200008, 9.727362372000073], [79.93043053500008, 9.738470770000049], [79.92652428500008, 9.743516343000067], [79.91627037900008, 9.756781317000048], [79.90967858200008, 9.76829661700009], [79.93132571700005, 9.779038804000038], [79.97071373800003, 9.815130927000041], [79.98845462300005, 9.822943427000041], [80.06666100400008, 9.816107489000046], [80.10743248800003, 9.82062409100007], [80.12232506600003, 9.818915106000077], [80.12818444100003, 9.805568752000056], [80.12720787900008, 9.78461334800005], [80.13013756600003, 9.77732982000009], [80.13868248800003, 9.774562893000052], [80.14698326900003, 9.773382880000042], [80.17090905000003, 9.767279364000046], [80.17595462300005, 9.764593817000048], [80.18043053500008, 9.755804755000042], [80.19117272200003, 9.75617096600007], [80.19963626400005, 9.758734442000048], [80.20289147200003, 9.759711005000042], [80.20777428500008, 9.76040273600006], [80.21119225400008, 9.760891018000052], [80.21900475400008, 9.756374416000085], [80.22234134200005, 9.754461981000077], [80.25033613400007, 9.724269924000055], [80.33855228000004, 9.62921784100007], [80.36963951900003, 9.609849351000037], [80.44174238400007, 9.57689036700009], [80.44402103000004, 9.575913804000038], [80.44402103000004, 9.583319403000075], [80.40772545700008, 9.601507880000042], [80.31983483200008, 9.672756252000056], [80.24781334700003, 9.755072333000044], [80.21119225400008, 9.77452220300006], [80.15381920700008, 9.787990627000056], [80.13868248800003, 9.79873281500005], [80.13672936300003, 9.81391022300005], [80.15772545700008, 9.822943427000041], [80.16456139400003, 9.82408274900007], [80.18539472700007, 9.827541408000059], [80.22681725400008, 9.829575914000088], [80.24675540500004, 9.825873114000046], [80.26059004000007, 9.816229559000078], [80.26978600400008, 9.78351471600007], [80.27898196700005, 9.76984284100007], [80.40992272200003, 9.61749909100007], [80.42920983200008, 9.603461005000042], [80.46827233200008, 9.581366278000075], [80.74439537900008, 9.35968659100007], [80.74545332100007, 9.357896226000037], [80.75245201900003, 9.346258856000077], [80.76368248800003, 9.332424221000053], [80.78516686300003, 9.31240469000005], [80.79883873800003, 9.294867255000042], [80.78663170700008, 9.28851959800005], [80.77979576900003, 9.291571356000077], [80.77898196700005, 9.291937567000048], [80.77881920700008, 9.29197825700004], [80.76832116000008, 9.30540599200009], [80.76254316500007, 9.308335679000038], [80.76246178500008, 9.308417059000078], [80.74439537900008, 9.311346747000073], [80.73650149800005, 9.308986721000053], [80.74040774800005, 9.30101146000004], [80.74170983200008, 9.298488674000055], [80.79363040500004, 9.250555731000077], [80.81389407600005, 9.239528713000084], [80.80591881600003, 9.251898505000042], [80.80103600400008, 9.26321035400008], [80.80355879000007, 9.271633205000057], [80.81739342500003, 9.27484772300005], [80.82390384200005, 9.27049388200004], [80.83448326900003, 9.239488023000092], [80.84416751400005, 9.220404364000046], [80.88217207100007, 9.145209052000041], [80.87452233200008, 9.14797597900008], [80.85336347700007, 9.155747789000088], [80.84009850400008, 9.155991929000038], [80.83448326900003, 9.141750393000052], [80.84229576900003, 9.13812897300005], [80.85857181100005, 9.13548411700009], [80.87305748800003, 9.126450914000088], [80.87322024800005, 9.12523021000004], [80.87533613400007, 9.103583075000074], [80.87549889400003, 9.103583075000074], [80.88217207100007, 9.103583075000074], [80.88550866000008, 9.109320380000042], [80.88851972700007, 9.111802476000037], [80.89193769600007, 9.113430080000057], [80.89649498800003, 9.116603908000059], [80.90162194100003, 9.09666575700004], [80.90219160200007, 9.094183661000045], [80.91635175900007, 9.062160549000055], [80.93531334700003, 9.03343333500004], [80.95460045700008, 9.020982164000088], [80.95606530000003, 9.019802151000079], [80.95834394600007, 9.01788971600007], [80.95826256600003, 9.010891018000052], [80.95362389400003, 9.003851630000042], [80.94434655000003, 9.000555731000077], [80.94166100400008, 9.003485419000071], [80.93067467500003, 9.020982164000088], [80.91871178500008, 9.02724844000005], [80.89128665500004, 9.03424713700008], [80.87533613400007, 9.041489976000037], [80.88266035200007, 9.031398830000057], [80.88672936300003, 9.025783596000053], [80.92286217500003, 8.992254950000074], [80.92318769600007, 8.973211981000077], [80.93506920700008, 8.964911200000074], [80.93498782600005, 8.96482982000009], [80.92432701900003, 8.955023505000042], [80.91488691500007, 8.943915106000077], [80.93067467500003, 8.93162669500009], [80.94760175900007, 8.932928778000075], [80.96143639400003, 8.945746161000045], [80.97169030000003, 8.963568427000041], [80.97836347700007, 8.980047919000071], [80.97852623800003, 8.979966539000088], [81.01465905000003, 8.936712958000044], [81.04672285200007, 8.882147528000075], [81.05982506600003, 8.868638414000088], [81.07813561300003, 8.863348700000074], [81.09278405000003, 8.851629950000074], [81.11426842500003, 8.799994208000044], [81.11972089900007, 8.794338283000059], [81.12549889400003, 8.788275458000044], [81.15015709700003, 8.777167059000078], [81.16244550900007, 8.751166083000044], [81.17652428500008, 8.698879299000055], [81.17904707100007, 8.708482164000088], [81.18230228000004, 8.712225653000075], [81.18775475400008, 8.711004950000074], [81.19752037900008, 8.70571523600006], [81.19459069100003, 8.696112372000073], [81.22242272200003, 8.66600169500009], [81.23170006600003, 8.651068427000041], [81.23161868600005, 8.63304271000004], [81.22429446700005, 8.625799872000073], [81.21387780000003, 8.621039130000042], [81.20435631600003, 8.61009349200009], [81.20451907600005, 8.610174872000073], [81.21176191500007, 8.612005927000041], [81.21924889400003, 8.61391836100006], [81.22112063900005, 8.614935614000046], [81.22486412900008, 8.616929429000038], [81.22494550900007, 8.616848049000055], [81.24659264400003, 8.570135809000078], [81.24976647200003, 8.545803127000056], [81.22486412900008, 8.541815497000073], [81.22999108200008, 8.557928778000075], [81.22331790500004, 8.570827541000085], [81.21225019600007, 8.572699286000045], [81.20435631600003, 8.555487372000073], [81.20704186300003, 8.542141018000052], [81.21412194100003, 8.53266022300005], [81.21802819100003, 8.52252838700008], [81.21062259200005, 8.507106838000084], [81.20476321700005, 8.511542059000078], [81.19385826900003, 8.519964911000045], [81.17652428500008, 8.530585028000075], [81.15902754000007, 8.534572658000059], [81.14234459700003, 8.52757396000004], [81.12940514400003, 8.510321356000077], [81.13396243600005, 8.501288153000075], [81.14942467500003, 8.503648179000038], [81.17025800900007, 8.520697333000044], [81.18458092500003, 8.505601304000038], [81.19752037900008, 8.487494208000044], [81.21314537900008, 8.472398179000038], [81.23511803500008, 8.466131903000075], [81.28109785200007, 8.46702708500004], [81.29664147200003, 8.47679271000004], [81.28638756600003, 8.50023021000004], [81.31267337300005, 8.512152411000045], [81.32309004000007, 8.515326239000046], [81.33415774800005, 8.514553127000056], [81.33423912900008, 8.514471747000073], [81.34636478000004, 8.507554429000038], [81.35743248800003, 8.495835679000038], [81.36573326900003, 8.482163804000038], [81.37281334700003, 8.44212474200009], [81.38843834700003, 8.39061107000009], [81.38892662900008, 8.37718333500004], [81.38941491000008, 8.363714911000045], [81.37671959700003, 8.372544664000088], [81.36345462300005, 8.39907461100006], [81.35181725400008, 8.404689846000053], [81.35141035200007, 8.39744700700004], [81.35621178500008, 8.364976304000038], [81.35661868600005, 8.362494208000044], [81.36207116000008, 8.350043036000045], [81.36874433700007, 8.346909898000092], [81.37484785200007, 8.34406159100007], [81.37501061300003, 8.34406159100007], [81.38851972700007, 8.34406159100007], [81.39926191500007, 8.339260158000059], [81.40560957100007, 8.30101146000004], [81.41325931100005, 8.27448151200008], [81.41456139400003, 8.270086981000077], [81.41667728000004, 8.25377024900007], [81.41976972700007, 8.243394273000092], [81.44060306100005, 8.173529364000046], [81.44849694100003, 8.12799713700008], [81.43034915500004, 8.103135484000063], [81.43034915500004, 8.103013414000088], [81.42025800900007, 8.144232489000046], [81.41879316500007, 8.150051174000055], [81.40357506600003, 8.191799221000053], [81.39625084700003, 8.191799221000053], [81.39503014400003, 8.160101630000042], [81.39625084700003, 8.150132554000038], [81.39551842500003, 8.150458075000074], [81.39478600400008, 8.147609768000052], [81.39478600400008, 8.14256419500009], [81.39625084700003, 8.136542059000078], [81.39958743600005, 8.132635809000078], [81.40805097700007, 8.130072333000044], [81.40984134200005, 8.126898505000042], [81.41797936300003, 8.105943101000037], [81.43555748800003, 8.093166408000059], [81.45240319100003, 8.094549872000073], [81.45826256600003, 8.116034247000073], [81.46436608200008, 8.116034247000073], [81.47071373800003, 8.10455963700008], [81.47242272200003, 8.10146719000005], [81.48064212300005, 8.065375067000048], [81.48902428500008, 8.05149974200009], [81.50017337300005, 8.03937409100007], [81.50733483200008, 8.02757396000004], [81.51970462300005, 7.9993350280000755], [81.52458743600005, 8.00421784100007], [81.53101647200003, 8.009019273000092], [81.53394616000008, 8.013617255000042], [81.53834069100003, 8.004299221000053], [81.53394616000008, 7.9993350280000755], [81.53614342500003, 7.995754299000055], [81.53809655000003, 7.993394273000092], [81.53842207100007, 7.992783921000068], [81.53956139400003, 7.990790106000077], [81.54021243600005, 7.986314195000091], [81.54029381600003, 7.986395575000074], [81.54525800900007, 7.990464585000041], [81.55551191500007, 7.995347398000092], [81.56072024800005, 7.999253648000092], [81.56308027400007, 7.993638414000088], [81.56592858200008, 7.986802476000037], [81.56381269600007, 7.978705145000049], [81.56031334700003, 7.970648505000042], [81.56047610800005, 7.9644229190000715], [81.56072024800005, 7.958400783000059], [81.56771894600007, 7.944973049000055], [81.58008873800003, 7.9355736350000825], [81.58814537900008, 7.929429429000038], [81.59546959700003, 7.91742584800005], [81.59083092500003, 7.917141018000052], [81.58847089900007, 7.91555410400008], [81.58545983200008, 7.91351959800005], [81.58358808700007, 7.912339585000041], [81.58171634200005, 7.911200262000079], [81.57878665500004, 7.900295315000051], [81.57585696700005, 7.8893903670000896], [81.58757571700005, 7.855292059000078], [81.59392337300005, 7.848049221000053], [81.60824629000007, 7.831691799000055], [81.60840905000003, 7.831691799000055], [81.62956790500004, 7.8355166690000715], [81.63640384200005, 7.8355166690000715], [81.64332116000008, 7.814642645000049], [81.65121504000007, 7.801743882000039], [81.65365644600007, 7.797756252000056], [81.69678795700008, 7.752997137000079], [81.71070397200003, 7.731146552000041], [81.71314537900008, 7.711818752000056], [81.69092858200008, 7.705145575000074], [81.68067467500003, 7.712062893000052], [81.65609785200007, 7.743109442000048], [81.64323978000004, 7.754136460000041], [81.62663821700005, 7.760199286000045], [81.62647545700008, 7.760199286000045], [81.62476647200003, 7.7600365260000785], [81.61296634200005, 7.759019273000092], [81.60254967500003, 7.748439846000053], [81.59546959700003, 7.726263739000046], [81.60743248800003, 7.720851955000057], [81.61898847700007, 7.719224351000037], [81.62891686300003, 7.722886460000041], [81.63640384200005, 7.733099677000041], [81.64820397200003, 7.728705145000049], [81.65902754000007, 7.723334052000041], [81.66277103000004, 7.718939520000049], [81.66529381600003, 7.715847072000088], [81.66374759200005, 7.705145575000074], [81.67701256600003, 7.69281647300005], [81.69027754000007, 7.680487372000073], [81.70069420700008, 7.66860586100006], [81.71151777400007, 7.650498765000066], [81.70639082100007, 7.644598700000074], [81.70508873800003, 7.638861395000049], [81.70679772200003, 7.631984768000052], [81.71159915500004, 7.622544664000088], [81.71778405000003, 7.630072333000044], [81.71404056100005, 7.6436628280000605], [81.72584069100003, 7.639593817000048], [81.74903405000003, 7.622544664000088], [81.75456790500004, 7.6145694030000755], [81.77295983200008, 7.567979234000063], [81.77182050900007, 7.5659854190000715], [81.76612389400003, 7.540676174000055], [81.76693769600007, 7.537909247000073], [81.76710045700008, 7.537502346000053], [81.77182050900007, 7.5278181010000935], [81.77295983200008, 7.5239118510000935], [81.76905358200008, 7.51703522300005], [81.76189212300005, 7.511542059000078], [81.75757897200003, 7.5054385440000715], [81.76270592500003, 7.4965681010000935], [81.76758873800003, 7.490179755000042], [81.76929772200003, 7.485174872000073], [81.76954186300003, 7.484523830000057], [81.77247155000003, 7.47882721600007], [81.77979576900003, 7.472357489000046], [81.76905358200008, 7.4646263690000865], [81.77003014400003, 7.460842190000051], [81.77100670700008, 7.456976630000042], [81.77906334700003, 7.455308335000041], [81.78711998800003, 7.4655622420000896], [81.79330488400007, 7.4655622420000896], [81.80103600400008, 7.425197658000059], [81.80079186300003, 7.410345770000049], [81.80095462300005, 7.410345770000049], [81.80779056100005, 7.410345770000049], [81.80779056100005, 7.410711981000077], [81.80860436300003, 7.424709377000056], [81.81104576900003, 7.438544012000079], [81.81527754000007, 7.450344143000052], [81.82146243600005, 7.458726304000038], [81.82146243600005, 7.4655622420000896], [81.82089277400007, 7.46710846600007], [81.81869550900007, 7.4733747420000896], [81.82048587300005, 7.476507880000042], [81.82601972700007, 7.4741885440000715], [81.83497155000003, 7.4655622420000896], [81.83806399800005, 7.45766836100006], [81.84034264400003, 7.436468817000048], [81.85572350400008, 7.412176825000074], [81.88070722700007, 7.327093817000048], [81.87598717500003, 7.091945705000057], [81.87842858200008, 7.076117255000042]]]}}, {"type": "Feature", "properties": {"featurecla": "", "scalerank": null, "min_zoom": null}, "geometry": {"type": "MultiPolygon", "coordinates": [[[[79.91089928500008, 8.95302969000005], [79.91586347700007, 8.946844794000071], [79.90723717500003, 8.935695705000057], [79.91089928500008, 8.95302969000005]]], [[[79.66155032600005, 9.073919989000046], [79.66472415500004, 9.07021719000005], [79.65137780000003, 9.07021719000005], [79.64421634200005, 9.07021719000005], [79.64112389400003, 9.067694403000075], [79.63119550900007, 9.067084052000041], [79.64364668100006, 9.07485586100006], [79.66155032600005, 9.073919989000046]]], [[[79.55396569100003, 9.090969143000052], [79.55420983200008, 9.08539459800005], [79.55331464900007, 9.084458726000037], [79.55144290500004, 9.093125718000067], [79.55396569100003, 9.090969143000052]]], [[[79.07756595100005, 9.19908274900007], [79.08814537900008, 9.19432200700004], [79.08301842500003, 9.191026109000063], [79.07439212300005, 9.194810289000088], [79.06690514400003, 9.198513088000084], [79.06137129000007, 9.196071682000081], [79.05860436300003, 9.20062897300005], [79.06381269600007, 9.204860744000086], [79.07129967500003, 9.200425523000092], [79.07756595100005, 9.19908274900007]]], [[[79.99000084700003, 9.299709377000056], [79.99268639400003, 9.295070705000057], [79.99130293100006, 9.288275458000044], [79.98511803500008, 9.281032619000086], [79.98007246200007, 9.27765534100007], [79.97160892000005, 9.29287344000005], [79.97754967500003, 9.296291408000059], [79.98349043100006, 9.304754950000074], [79.99000084700003, 9.299709377000056]]], [[[79.84953860800005, 9.612941799000055], [79.85954837300005, 9.605495510000083], [79.86345462300005, 9.59178294500009], [79.86076907600005, 9.57094961100006], [79.85767662900008, 9.565985419000071], [79.84864342500003, 9.564724026000079], [79.81584720100005, 9.571193752000056], [79.80941816500007, 9.580145575000074], [79.81072024800005, 9.617539781000062], [79.81446373800003, 9.622788804000038], [79.81967207100007, 9.617458401000079], [79.82683353000004, 9.599269924000055], [79.83399498800003, 9.593166408000059], [79.84213300900007, 9.593939520000049], [79.84636478000004, 9.597316799000055], [79.84066816500007, 9.60740794500009], [79.84107506600003, 9.613023179000038], [79.84953860800005, 9.612941799000055]]]]}}]}